Website;Article_URL;Headline;Month/Year;Category/Query;Label_Website;Image_URL;Claim;Corrected_Claim/Context/Explanation_Website;Text_Only_Claim?;Normal_Image?;AI_Generated_Image?;Altered_Image?
AFP Factcheck;https://factcheck.afp.com/doc.afp.com.37W26WD;Image of 'Gazan mother with son's bones' is made with AI;03/25;Israeli-Palestinian conflict;FALSE;https://scontent-ham3-1.xx.fbcdn.net/v/t39.30808-6/486290815_1290888865331200_3774810229142652666_n.jpg?_nc_cat=108&ccb=1-7&_nc_sid=127cfc&_nc_ohc=vBEZcjDVD7oQ7kNvwHws-5Y&_nc_oc=Adky2mtxXDSjPR4WOkq7SA87WWmZRsarhlIYxqXH1sCPsmvAiTzalRRt3GipgGw2Xps&_nc_zt=23&_nc_ht=scontent-ham3-1.xx&_nc_gid=Q-q5rvFO6zIEt047eLjakQ&oh=00_AfHMixiw6SjZDzZZMpJO-thYRewWl0wKA8Wlv7wd5YgCvQ&oe=67FDCCEA;"""A mother holds the bones of her son in Gaza. After more than a year and a half of searching for him under the rubble of their bombed-out house,"" reads a Malay-language https://mvau.lt/media/45e5e653-be24-4ecf-ace9-e6d6432a34d3 shared on March 24.";But an image circulating worldwide on social media as a genuine depiction of a Palestinian mother cradling her son's remains is AI-generated;No;No;Yes;No
AFP Factcheck;https://factcheck.afp.com/doc.afp.com.36XY2FV;Old image misrepresented as 'Israeli settlers' in northern Thailand after Gaza ceasefire;02/25;Israeli-Palestinian conflict;FALSE;https://pbs.twimg.com/media/Gj5tbXiaQAAoG1z?format=jpg&name=small;"""Israeli media reports there are Jews who have stopped fighting the wars in Gaza, Palestine, and Lebanon. They moved to become 'settlers' in Pai District, Mae Hong Son Province, Thailand,"" reads part of an https://perma.cc/Y5PH-LDFL published February 16, 2025";"A https://youtu.be/linGPlWGcDw?si=ir8GlgXmFpx95yyD via Google traced the viral photo to a https://maehongson.immigration.go.th/%E0%B8%95%E0%B8%A1-%E0%B8%88%E0%B8%A7-%E0%B9%81%E0%B8%A1%E0%B9%88%E0%B8%AE%E0%B9%88%E0%B8%AD%E0%B8%87%E0%B8%AA%E0%B8%AD%E0%B8%99-%E0%B8%9A%E0%B8%B9%E0%B8%A3%E0%B8%93%E0%B8%B2%E0%B8%81%E0%B8%B2-2/published October 2, 2024 by the Mae Hong Son Immigration Office (https://perma.cc/2BKC-TVL5).
The photo was taken during an inspection at an event celebrating Rosh Hashanah, the Jewish New Year, at a synagogue in Pai.";No;Yes;No;No
AFP Factcheck;https://factcheck.afp.com/doc.afp.com.36RF6BZ;Picture shows Israel's 2018 Gaza attack, not aftermath of US strike in Yemen;12/24;Israeli-Palestinian conflict;FALSE;https://media.gettyimages.com/id/1060718622/de/foto/gaza-city-gaza-smoke-and-flames-blow-up-above-the-hamas-run-al-aqsa-tv-during-israeli.jpg?s=2048x2048&w=gi&k=20&c=fjfyiuoJ3uX2rjXeyi_YnGMkmX1-vTQUINfDoxnQzoI=;"""Americans bombarded Yemen in reprisal after Yemen launched an attack on Israel's capital,"" read a Thai-language https://perma.cc/6QNC-5ATU on December 22, 2024.";But a nighttime picture of a massive fire repeatedly shared on social media does not show the US strike. It shows an Israeli airstrike in Gaza in November 2018.;No;Yes;No;No
AFP Factcheck;https://factcheck.afp.com/doc.afp.com.36NF2UW;Photo shows Israeli helicopter firing flares over Gaza, not 'shot down in Lebanon';12/24;Israeli-Palestinian conflict;FALSE;https://t1.blockdit.com/photos/2024/11/67417966c5d700bda4e839f6.jpg;"""Lebanon shot down its enemy's helicopter,"" read a Thai-language https://web.archive.org/web/20241201055745/https://www.facebook.com/plugins/post.php?href=https%3A%2F%2Fwww.facebook.com%2Fpermalink.php%3Fstory_fbid%3D592801986655652%26id%3D100077775671454&show_text=true&width=500 shared on November 24, 2024.";"The photo in fact shows a helicopter releasing flares over Gaza and was taken by an AFP photographer in March 2019.

A reverse image search on Google led to the same photo used in a report published by https://www.timesofisrael.com/hamas-tried-to-down-an-idf-helicopter-during-fighting-this-month-report/ newspaper on May 20, 2019 (https://web.archive.org/web/20190526051559/https://www.timesofisrael.com/hamas-tried-to-down-an-idf-helicopter-during-fighting-this-month-report/).
The photo is credited to AFP photographer Mohammed Abed, and its caption read: ""An Israeli helicopter shoots flares over the Gaza Strip hours after a rocket from the Palestinian enclave hit a house near Tel Aviv and wounded seven people, leading to fears of a severe escalation, on March 25, 2019.""";No;Yes;No;No
AFP Factcheck;https://factcheck.afp.com/doc.afp.com.36MV6KT;AI-generated image used to falsely claim Netanyahu hospitalized;11/24;Israeli-Palestinian conflict;FALSE;https://scontent-ham3-1.xx.fbcdn.net/v/t39.30808-6/467574066_10159703629306377_2271087948666621641_n.jpg?_nc_cat=106&ccb=1-7&_nc_sid=833d8c&_nc_ohc=EKIDhjEsEEUQ7kNvwEl-yI4&_nc_oc=AdmkMdVD7SUqU8ar-Yh1R4y4Tfzxchfeov1s5YDmElIweGHTUQ6n8UIwbi6audtrUAs&_nc_zt=23&_nc_ht=scontent-ham3-1.xx&_nc_gid=uV3U1F-QsPIfxJcg1--u8Q&oh=00_AfH_svIgs686rQYJRYatm0eWNSYKwT3hBUuKqVxkHljGXg&oe=67FDCE72;"""BREAKING NETANYAHU HOSPITALISED He suffered serious health issue in Kiryah and has been shifted to a hospital in Tel Aviv,"" says a November 17 https://perma.cc/J5EH-PLPB from Sulaiman Ahmed, a creator who has https://factcheck.afp.com/doc.afp.com.34JA9UM about Israel's war with Hamas.";"However, November 2024 social media posts claiming he was hospitalized with a ""serious health issue"" are false; the Israeli leader gave a speech to lawmakers when he was supposedly admitted, and experts told AFP the image shared online is likely AI-generated.";No;No;Yes;No
AFP Factcheck;https://factcheck.afp.com/doc.afp.com.36MT424;Posts falsely claim Huthis declared ceasefire after Trump victory;11/24;Israeli-Palestinian conflict;FALSE;;"""Huthi spokesman: Our operations in international waters were defensive only and we announce their final cessation,"" says a November 6, 2024 https://perma.cc/Y4JU-VKA6?type=image in Arabic.";"The militant group has said it will not halt its military operations, which come in response to Israel's bombardment of the Gaza Strip.

Huthi rebels have maintained their attacks in international waters since Trump won the 2024 US presidential election -- and the group's leader has confirmed the outcome will not change its military strategy.";Yes;No;No;No
AFP Factcheck;https://factcheck.afp.com/doc.afp.com.36L649D;Lebanon explosion falsely shared online as Israeli airstrikes in Iran;11/24;Israeli-Palestinian conflict;FALSE;https://resource.nationtv.tv/uploads/images/md/2024/10/NdXQgp0xHaLgoxhqfB8R.webp?x-image-process=style/lg-webp, https://scontent-ham3-1.xx.fbcdn.net/v/t39.30808-6/486608790_1214981513520674_1044718029888522551_n.jpg?_nc_cat=102&ccb=1-7&_nc_sid=833d8c&_nc_ohc=9ShcFrx-v6IQ7kNvwGk7dpK&_nc_oc=AdnXXQ3lJgLoRjavn60b5_B4v--TBeu8F_j8lm0wF7dF4JgRCvKap7DNXRw56mt6Aig&_nc_zt=23&_nc_ht=scontent-ham3-1.xx&_nc_gid=teYYEus1SzyDWsInQySsqw&oh=00_AfGH7wvggrGmYXJZeFE1F6A5uG8hjbItr3juNkGBuALphQ&oe=67FDDBFC;"""Iranian military targets attacked,"" read the Thai-language caption alongside a photo of a huge explosion on https://perma.cc/Y6FJ-TUEK on October 26, 2024. ""Israel launched several waves of revengeful attacks on Iran since this morning. Meanwhile, there were loud explosions in Syria too...""";"In reality, the image shows a different Israeli bombardment in Lebanon

On the night of October 6, the Israeli Defense Forces (IDF) https://x.com/AvichayAdraee/status/1843004528263672191 that specified their targets in Beirut’s southern suburb (https://perma.cc/MD4U-QS44).
Citing official Lebanese media, AFP https://www.al-monitor.com/originals/2024/10/fresh-israeli-strikes-hit-south-beirut that four Israeli strikes struck south Beirut on October 6, shortly after calls by Israel's army for residents to evacuate the Hezbollah stronghold which has been bombarded for several days (https://perma.cc/TZ3S-TDZE).
https://www.youtube.com/watch?v=NcdZFt59vVE on Israel's October 6 strike on Beirut, showing a different scene of the attack (https://perma.cc/4PTU-9YA5).";No;Yes;No;No
AFP Factcheck;https://factcheck.afp.com/doc.afp.com.36L348E;Photos show blaze at Iranian refinery in 2021, not impact of Israeli airstrikes;10/24;Israeli-Palestinian conflict;FALSE;https://www.xinghuozhiku.com/wp-content/uploads/2024/10/xinghuozhiku0-1729930019.jpeg;"""In the early hours of October 26, when the Middle East was still dark, Israel launched an unprecedented missile attack on Iran,"" read the text of a simplified Chinese https://perma.cc/RF39-RBJN?type=image published on WeChat.


A similar photo was shared in another simplified Chinese https://perma.cc/4VWQ-ULBL, which said Iran's power plants had been targeted by the Israeli air strikes.";"The blaze, however, occurred in June 2021 and Iranian officials said at the time it was caused by a leak in the refinery's liquefied gas line.

Both photos are available in AFP's archives, and their captions state the images show a blaze that broke out at a refinery in southern Tehran.The fire started after a leak from an emergency liquified gas line triggered an https://www.macaubusiness.com/large-blaze-at-refinery-in-iranian-capital-official/, the head of Tehran's crisis team told state television (https://perma.cc/9RP7-RKQQ).";No;Yes;No;No
AFP Factcheck;https://factcheck.afp.com/doc.afp.com.36KL83M;AI-generated images falsely claimed to show bombing near Beirut airport;10/24;Israeli-Palestinian conflict;FALSE;https://scontent-ham3-1.xx.fbcdn.net/v/t39.30808-6/487791633_1112577197570829_5810639440179938996_n.jpg?_nc_cat=107&ccb=1-7&_nc_sid=833d8c&_nc_ohc=sbwD9D17xb8Q7kNvwF6N0GU&_nc_oc=AdmZ4OBjb7-82WWLz2ciakpz3sdiDPnGokuYMxu-g9toOijdH8GRP6xyy-Fmv7XVPlg&_nc_zt=23&_nc_ht=scontent-ham3-1.xx&_nc_gid=NSlOnP5loBpa4KZjQkE_7Q&oh=00_AfFxUH5bmmoEGo3YtPEpgKhqJEa7zKEhqtHQu-Y2wUC35A&oe=67FDCD3B;"""A PHOTO FOR THE HISTORY BOOKS MEA airline landing in Beirut International Airport as Israeli rains fire on the airport,"" says an October 20 https://perma.cc/YM6D-EN2Y from Sulaiman Ahmed";"A spokesperson for Middle East Airlines told AFP in an October 21 email that the images appear to be AI-generated and are ""far from reality.""
A https://www.youtube.com/watch?v=pVAKQqO2BE4 of public social media pages reveals the first handful of Instagram https://www.instagram.com/p/DBXH90EoCgp/?img_index=1that https://www.instagram.com/p/DBXHuXLs9Nm/ the pictures. They say the pictures were created using artificial intelligence and credit the profile south.to.north (archived https://perma.cc/56PR-SAL7 and https://perma.cc/6F9T-AWGR).
The two AI-generated images no longer appear on the original user's page, but it does feature similar-looking https://www.instagram.com/p/DBW7c34sw3t/?img_index=1 uploaded around the same time (archived https://perma.cc/BF86-2738).";No;No;Yes;No
AFP Factcheck;https://factcheck.afp.com/doc.afp.com.36K38U9;Hezbollah strike did not kill IDF chief Herzi Halevi;10/24;Israeli-Palestinian conflict;FALSE;;"""BREAKING Initial reports confirm the assassination of Israeli Army Chief of Staff, Herzi Halevi,"" says an October 13, 2024 https://perma.cc/6CMT-ACCW from Anastasia Maria Loupis, a Danish physician https://www.france24.com/en/live-news/20240214-musk-s-x-feeds-monetization-of-wartime-misinformationpreviously https://factcheck.afp.com/doc.afp.com.34LJ9ZK about the Israel-Hamas war.";"However, claims on social media that the chief of the Israeli Defense Forces (IDF) was killed in an October 13, 2024 attack on a military base are false; Herzi Halevi visited the base after the drone strike.";Yes;No;No;No
AFP Factcheck;https://factcheck.afp.com/doc.afp.com.36J32WX;UN top court ruled 'illegal' Israel's occupation of Palestinian territory, not Israeli state;10/24;Israeli-Palestinian conflict;FALSE;;"""Breaking News: Israel has been declared an illegal state by the International Court of Justice,"" read a Malay-language post on https://perma.cc/63Y4-97BX on September 4, 2024. 
""The court also ruled that Israel cannot be a sovereign state. At last, justice has prevailed.""";"The court had instead found Israel's decades-long occupation of Palestinian territory as unlawful and said it should come to an end ""as rapidly as possible"". 

The ICJ said Israel's continued occupation of Palestinian territories was against international law, in a nonbinding advisory opinion issued on July 19 on the request of the UN General Assembly.
In June 1967, Israel crushed some of its Arab neighbours in a six-day war, seizing the West Bank and East Jerusalem, at the time annexed by Jordan, the Golan Heights from Syria, and the Gaza Strip and Sinai Peninsula from Egypt.";Yes;No;No;No
AFP Factcheck;https://factcheck.afp.com/doc.afp.com.36HV7P9;"Posts falsely claim to show attack on US forces in Baghdad

";10/2024;Israeli-Palestinian conflict;FALSE;https://img9.irna.ir/d/r2/2024/10/01/4/171423049.jpg?ts=1727742501971;"""BREAKING: US military base comes under attack in Baghdad,"" says a September 30 https://perma.cc/4V9D-8DQX from Sulaiman Ahmed, a creator who has https://factcheck.afp.com/doc.afp.com.34JA9UM about Israel's war with Hamas.";"However, photos shared online do not show the strike -- they were taken years ago in the United States and the Gaza Strip and have repeatedly been used to spread misinformation.

However, the images circulating online predate the current conflict in the Middle East and were not taken in Iraq.
A https://www.youtube.com/watch?v=linGPlWGcDw reveals the first picture -- a close-up view of an explosion near a building -- https://www.lehighvalleylive.com/phillipsburg/2011/04/alpha_haz-mat_fire_prompts_war.html in 2011 by photographer https://www.timwynkoop.com/#:~:text=Pburg%20vs%20Hunterdon%20Central%20Wrestling. for https://www.lehighvalleylive.com/phillipsburg/2011/04/alpha_haz-mat_fire_prompts_war.html newspaper at a gas facility in the US state of New Jersey (archived https://web.archive.org/web/20241002191731/https://www.lehighvalleylive.com/phillipsburg/2011/04/alpha_haz-mat_fire_prompts_war.html).
""A (sic) explosion tonight at Linde Electronics and Specialty Gas in Alpha sends a fireball into the night sky,"" the caption says.

Wynkoop confirmed to AFP on October 1 that he snapped the photo in the town of Alpha, New Jersey near the Pennsylvania border. The Express-Times also said the photograph was one of its images and was taken April 26, 2011.";No;Yes;No;No
AFP Factcheck;https://factcheck.afp.com/doc.afp.com.36GX2LD;Photo of exploded toilet in Hong Kong falsely linked to Lebanon pager blasts;09/24;Israeli-Palestinian conflict;FALSE;https://cdn.i-scmp.com/sites/default/files/styles/1020x680/public/d8/images/methode/2020/01/28/7c82982e-418a-11ea-9fd9-ecfbb38a9743_image_hires_194429.jpeg?itok=OTi3iOLi&v=1580211876;"""The Lebanese Ministry of Health reported that 300 people were injured in radio explosions and nine others died,"" read an https://perma.cc/YF3F-9DZC from September 19 written in traditional Chinese characters.
""Hezbollah operatives keep exploding across Lebanon and reporters saw militants frantically removing batteries from all radios and throwing them into trash cans and toilets.""";"A reverse image search on Google found the photo published by the https://www.scmp.com/news/hong-kong/law-and-crime/article/3047898/unexploded-ied-found-shenzhen-border-control-point(SCMP) newspaper on January 28, 2020 (https://web.archive.org/web/20240924081148/https://www.scmp.com/news/hong-kong/law-and-crime/article/3047898/unexploded-ied-found-shenzhen-border-control-point).
The photo is captioned: ""A suspected improvised explosive device destroyed a public toilet at the King George V Memorial Park on Jordan Road in West Kowloon on January 27"".";No;Yes;No;No
AFP Factcheck;https://factcheck.afp.com/doc.afp.com.367P9XU;No evidence Montreal mayor authorized pro-Palestinian traffic signs;08/24;Israeli-Palestinian conflict;UNPROVEN;https://scontent-ham3-1.xx.fbcdn.net/v/t39.30808-6/452941124_8209996659019138_3640803578082614095_n.jpg?_nc_cat=103&ccb=1-7&_nc_sid=127cfc&_nc_ohc=5bwG1BxsAcAQ7kNvwED4GZ0&_nc_oc=Adk7PJpEH0QeKQ2TNryDmdQHaLBtgrWy7ztos7lTJLdhHD629uNC27qE4PEyUwUVbqo&_nc_zt=23&_nc_ht=scontent-ham3-1.xx&_nc_gid=rWTEJQuB0K40vn2hjSQJPg&oh=00_AfFnZoxaHoZoOmE_tczn9ruJTXLN0DiJ5g_nUcqB0lXnNQ&oe=67FDD5AE;"""So the Mayor is using taxpayer dollars to incite another October 7,"" says a July 24, 2024 X https://perma.cc/3VRN-H34L, referencing Hamas's attack on Israel.

Different accounts shared the same photos on https://perma.cc/9PCF-C99V, https://perma.cc/N2D2-TXVW and https://perma.cc/E38E-Q8CS, claiming the mayor or city had signed off on messages that could incite violence in Quebec's largest city.";"Signs broken into
https://www.theglobeandmail.com/canada/article-montreal-traffic-signs-apparently-hacked-to-display-pro-palestinian/ news headlines https://montrealgazette.com/news/local-news/montreal-traffic-signs-apparently-hacked-to-display-pro-palestinian-political-slogans the boards were hacked, but Nuñez told AFP the locks on the signs were broken and the words were manually entered.
A July 24 Instagram https://perma.cc/NE4D-5695 from Clash MTL and Palestine Action Montreal describes how someone diverted road signs in Montreal to display messages ""in solidarity with Palestine.""
The post, whose caption says ""anonymous submission,"" includes a video showing the same slogans as those in the claims circulating online.

Traffic signs in Montreal displayed pro-Palestinian phrases in July 2024, but social media posts claiming Mayor Valérie Plante authorized them are baseless. A spokesman told AFP the city did not give anyone access to the digital placards, which are owned and operated by a private contractor.";No;Yes;No;No
AFP Factcheck;https://factcheck.afp.com/doc.afp.com.368W46C;"Israeli swimmers' tribute to Gaza hostages predates Olympics

";08/24;Israeli-Palestinian conflict;MISLEADING;https://ynet-pic1.yit.co.il/cdn-cgi/image/f=auto,w=740,q=75/picserver5/crop_images/2023/11/19/Sk4M5SDET/Sk4M5SDET_18_11_1483_1933_0_x-large.jpg;"""The Israeli Olympic team was not allowed to wear their yellow 'Bring Them Home' pins at the Olympic games so they decided to spell it out for the entire world to see it!"" says Rob Shuter, a UK gossip columnist, in a July 27, 2024 https://perma.cc/F955-XJM2 with thousands of interactions.";"While the picture shared online is real, it predates the Paris Olympics by eight months.
A reverse image search reveals Israel's artistic swimming team posted the photo November 19, 2023 on Instagram (archived here). 

Israeli news https://www.ynet.co.il/news/article/rkvh5bpnt including the Arabic-language service of https://www.i24news.tv/ar/%D8%A3%D8%AE%D8%A8%D8%A7%D8%B1/%D8%A7%D9%84%D8%AD%D8%B1%D8%A8-%D9%81%D9%8A-%D8%A5%D8%B3%D8%B1%D8%A7%D8%A6%D9%8A%D9%84/1700380204-%D9%81%D8%B1%D9%8A%D9%82-%D8%A7%D9%84%D8%B3%D8%A8%D8%A7%D8%AD%D8%A9-%D8%A7%D9%84%D9%81%D9%86%D9%8A%D8%A9-%D8%A7%D9%84%D8%A5%D8%B3%D8%B1%D8%A7%D8%A6%D9%8A%D9%84%D9%8A-%D9%81%D9%8A-%D8%A7%D8%B3%D8%AA%D8%B9%D8%B1%D8%A7%D8%B6-%D9%84%D9%84%D9%85%D8%B7%D8%A7%D9%84%D8%A8%D8%A9-%D8%A8%D8%A5%D8%B9%D8%A7%D8%AF%D8%A9-%D8%A7%D9%84%D9%85%D8%AE%D8%B7%D9%88%D9%81%D9%8A%D9%86-%D9%85%D9%86-%D9%82%D8%B7%D8%A7%D8%B9-%D8%BA%D8%B2%D8%A9 reported on the team's photo in November 2023 (archived https://perma.cc/7GL4-J9PE?type=standard and https://web.archive.org/web/20240805192017/https://www.i24news.tv/ar/%D8%A3%D8%AE%D8%A8%D8%A7%D8%B1/%D8%A7%D9%84%D8%AD%D8%B1%D8%A8-%D9%81%D9%8A-%D8%A5%D8%B3%D8%B1%D8%A7%D8%A6%D9%8A%D9%84/1700380204-%D9%81%D8%B1%D9%8A%D9%82-%D8%A7%D9%84%D8%B3%D8%A8%D8%A7%D8%AD%D8%A9-%D8%A7%D9%84%D9%81%D9%86%D9%8A%D8%A9-%D8%A7%D9%84%D8%A5%D8%B3%D8%B1%D8%A7%D8%A6%D9%8A%D9%84%D9%8A-%D9%81%D9%8A-%D8%A7%D8%B3%D8%AA%D8%B9%D8%B1%D8%A7%D8%B6-%D9%84%D9%84%D9%85%D8%B7%D8%A7%D9%84%D8%A8%D8%A9-%D8%A8%D8%A5%D8%B9%D8%A7%D8%AF%D8%A9-%D8%A7%D9%84%D9%85%D8%AE%D8%B7%D9%88%D9%81%D9%8A%D9%86-%D9%85%D9%86-%D9%82%D8%B7%D8%A7%D8%B9-%D8%BA%D8%B2%D8%A9).
Israeli drone photographer Adam Spiegel https://www.instagram.com/p/Cz0XzsBtGgO/?utm_source=ig_embed&ig_rid=7ad3f5f6-8606-4a4d-bf5c-b7372cc262f2 the picture on Instagram the same day as the Israeli Artistic Swimming Team (archived https://perma.cc/8DRL-WXHT).";No;Yes;No;No
AFP Factcheck;https://factcheck.afp.com/doc.afp.com.364F6XJ;S. Korea govt not involved in Israel war crimes case filed by NGOs: foreign ministry;07/24;Israeli-Palestinian conflict;FALSE;;"""South Korea files lawsuit against Israeli leaders for crimes against humanity,"" read text on a news graphic shared on https://web.archive.org/web/20240717070900/https://www.facebook.com/plugins/post.php?href=https%3A%2F%2Fwww.facebook.com%2Fpermalink.php%3Fstory_fbid%3Dpfbid0Q99ZZG7d89wUCBwFhdeZcnBRsQT4jVzWXP12H9XRA4VRSBks5ukMNekNgvxMPu8Ll%26id%3D100073141690721&show_text=true&width=500 on June 24, 2024.";"Keyword searches on Google led to a report in South Korea's https://www.khan.co.kr/national/national-general/article/202405091533001 newspaper published on May 9 that said two NGOs had filed a criminal complaint with the police against seven Israeli officials (https://perma.cc/MSS8-2HJ9).
The seven officials are the same as those listed in the MintPress News report.
According to the Kyunghyang Shinmun report, the complainants -- People's Solidarity for Participatory Democracy (PSPD) and Asian Dignity Initiative -- gathered more than 5,000 signatures in support of their action.
The filing was also covered by the https://www.yna.co.kr/view/AKR20240509076100004 (https://perma.cc/6QKF-4NGT).
The PSPD posted about the complaint on its https://www.peoplepower21.org/english/1966086?cat=4&paged=0, saying their complaint was filed under South Korea's Act on Punishment of Crimes under Jurisdiction of the International Criminal Court (https://perma.cc/3UXH-WM8V).
Lee Young-ah of the PSPD's Center for Peace and Disarmament told AFP on July 18 that their complaint ""aims to broadly expose those responsible for the war crimes"" in Gaza, even though South Korean police may not have the https://elaw.klri.re.kr/kor_service/lawView.do?hseq=24229&lang=ENG to investigate (https://perma.cc/JKQ3-TFXX).
A representative from South Korea's Ministry of Foreign Affairs described the claims to AFP as being the result of ""misreporting"".
They said ""the South Korean government was not involved"" in filing the criminal complaint.";Yes;No;No;No
AFP Factcheck;https://factcheck.afp.com/doc.afp.com.36496K2;Old Huthi attack photo falsely portrayed as 'Maersk ship on fire in July 2024';07/24;Israeli-Palestinian conflict;FALSE;;"""Attack on a US-flagged vessel in the Gulf of Aden. A Spokesperson at Denmark's shipping company Maersk said: There was an attack targeted on one of the company's US-flagged vessels at the northernmost part of the Gulf of Aden,"" read the Thai-language caption to the picture shared on https://perma.cc/4HBZ-9RPT?type=image on July 9, 2024.";"The photo was published in January by the Indian navy which deployed personnel to help extinguish a fire at a British-operated tanker following a strike claimed by Yemen's Huthi rebels.

But a combination of reverse image and keyword searches on Google found the picture earlier published on https://x.com/indiannavy/status/1751200999275200953 on the official account of the spokesperson for the Indian Navy (https://perma.cc/82EH-43VD).
Its caption read in part: ""#IndianNavy's Guided missile destroyer, #INSVisakhapatnam, deployed in the #GulfofAden responded to a distress call from MV #MarlinLuanda on the night of #26Jan 24.""

AFP https://web.archive.org/web/20240718042201/https://news.abs-cbn.com/overseas/01/27/24/us-strikes-huthi-target-in-yemen-after-attack-on-british-oil-tanker at the time that a Huthi spokesman said missiles fired by the rebels had hit the Marlin Luanda, an oil tanker operated by a British firm on behalf of trading giant Trafigura Group.
The US military's Central Command later https://www.centcom.mil/MEDIA/PRESS-RELEASES/Press-Release-View/Article/3658448/update-fire-extinguished-on-mv-marlin-luanda-following-houthi-anti-ship-ballist/, saying it had started a ""major fire"". It said US, Indian and French navies responded to extinguish the fire (https://perma.cc/6UR6-NAKV).";Yes;No;No;No
AFP Factcheck;https://factcheck.afp.com/doc.afp.com.363A6G8;Starbucks, Pizza Hut did not 'change brand names to avoid Israel boycott';07/24;Israeli-Palestinian conflict;FALSE;;"""Starbuck (sic) has been renamed Vista Coffee... Pizza Hut has been renamed Ristorante,"" read Indonesian text overlaid on a https://perma.cc/53QL-8NXG from June 16.";Representatives for Starbucks and Pizza Hut in the Southeast Asian country told AFP the businesses had not changed their names. An AFP journalist in Indonesia found on July 9 that branches still bore the same names.;Yes;No;No;No
AFP Factcheck;https://factcheck.afp.com/doc.afp.com.362U329;Photo of Israeli settlers clashing with police falsely shared as 'attack on Palestinian child';07/24;Israeli-Palestinian conflict;FALSE;https://c9mediaforum.afp.com/CacheServer/Cache.svc/g?hid=1E3E78A1B52FAAF991F4E71D07A8DC883D4E9392D3D299F3977BE7674F48108D1AC23E4546CAB633;"""Settler savages try to tear a Palestinian child apart in the occupied West Bank,"" read an https://web.archive.org/web/20240708084302/https://x.com/Sher_now1/status/1805963225239855441shared on June 26.";"However, a reverse image search on Google revealed the photo was taken years before the Israel-Hamas war broke out.
The photo, which is available in https://web.archive.org/web/20240708062031/https://www.afpforum.com/AFPForum/Search/ViewMedia.aspx?mui=1&hid=1E3E78A1B52FAAF991F4E71D07A8DC88593D4885B54C2A7F85C61FBF27ED56CD, was taken by Yehuda Raizner on September 13, 2009.
It shows settlers attempting to drag away a fellow settler from Israeli police during clashes in the West Bank.
""Israeli settlers try to pull a fellow settler as border policemen drag him away during clashes at the entrance to the illegal outpost of Havat Gilad, west of the occupied West Bank city of Nablus, after Israeli police tried to confiscate a truck containing material to build a new house on September 13, 2009,"" the photo caption reads.";No;Yes;No;No
AFP Factcheck;https://factcheck.afp.com/doc.afp.com.362D3LA;"Google has not removed 'Palestine' from maps amid Gaza war

";07/24;Israeli-Palestinian conflict;FALSE;;"""Google removed Palestine from maps,"" read the caption alongside a https://web.archive.org/web/20240708025231/https://www.facebook.com/plugins/video.php?height=476&href=https%3A%2F%2Fwww.facebook.com%2Fdada.dadabhai.9%2Fvideos%2F928651542283484%2F%3Fidorvanity%3D4233110866762942&show_text=true&width=1428&t=0 posted on June 12, 2024 in a Facebook group with more than 328,000 members.";"A spokesperson for Google told AFP in an email on July 9, 2024 that it had not changed how ""Palestine"" is depicted on Google Maps.
They said a search for ""Palestine"" on Google Maps would show a map of the area with labels for the West Bank and the Gaza Strip but -- since there is no clear consensus across international bodies on its territories -- they could not reliably show and label its borders at this time.";Yes;No;No;No
AFP Factcheck;https://factcheck.afp.com/doc.afp.com.362G9KF;Old photo of pink dress on Turkey grave falsely linked to Gaza war;07/24;Israeli-Palestinian conflict;FALSE;https://pbs.twimg.com/media/FuL23EuWcA4QQjl?format=jpg&name=900x900;"""A Palestinian father leaves Eid clothes on his daughter's grave (8 years old),"" read a https://perma.cc/4HJQ-59ZY?type=image that shared the photos on June 24.";"Turkey cemetery
Reverse image searches and keyword searches on Google found one of the photos in an https://x.com/hesaniko/status/1649151855631429658 from April 21, 2023 -- months before the outbreak of the Gaza war (https://perma.cc/TW4N-2TN7).
The Turkish-language post reads: ""Zahide (8 years old) bought and left an Eid dress for her sibling this Eid. Some photos and memories stay like a paper cut scar in my life.""


The cemetery was overwhelmed with dead after a huge 7.8-magnitude earthquake struck Turkey on February 6, 2023, The Financial Times https://www.ft.com/content/e92eadda-e19a-4211-8e1f-b50548a95757 (https://perma.cc/YZ49-E2J5).
The quake claimed more than 53,000 lives in Turkey and nearly 6,000 in neighbouring Syria.";No;Yes;No;No
Reuters;https://www.reuters.com/fact-check/photo-shows-trumps-hollywood-star-damaged-2018-not-gadots-2025-2025-03-28/;Fact Check: Photo shows Trump’s Hollywood star damaged in 2018, not Gadot’s in 2025;03/25;"""Gaza Fact Check""";MISCAPTIONED;https://www.vice.com/wp-content/uploads/sites/2/2018/08/1534367591174-pickax.jpeg;A https://perma.cc/2F8P-ZUH5 on March 20 shared a photo of a destroyed Hollywood star and said: “Gal Gadot’s star on the Hollywood Walk of Fame was destroyed just hours after being placed!”;The image, however, was featured in https://perma.cc/G3FM-8ARN https://perma.cc/R23B-KS2W https://perma.cc/2ASN-MGBJ about Trump’s star being vandalized in July 2018.;No;Yes;No;No
Reuters;https://www.reuters.com/fact-check/ai-image-puts-trump-netanyahu-musk-one-room-2025-02-14/;Fact Check: Fake image puts Trump, Netanyahu and Musk in one room;02/2025;"""Gaza Fact Check""";FALSE;https://pbs.twimg.com/media/Gi4oLqlWcAEn4r0?format=jpg&name=large;“I love this picture of the big 3,” says the https://perma.cc/MQ6D-LG95 of one of the social media posts sharing the image alongside emojis of the Israeli and U.S. flags.;An image purporting to show President Donald Trump, Israeli Prime Minister Benjamin Netanyahu and billionaire Elon Musk posing together has been online since last year and was likely created by AI, experts say, contrary to social media posts sharing it as an authentic scene during Netanyahu’s February 2025 official visit to the U.S.;No;No;Yes;No
Reuters;https://www.reuters.com/fact-check/no-evidence-us-spent-50-million-condoms-gaza-2025-01-30/;Fact Check: No evidence US spent $50 million on condoms for Gaza;01/2025;"""Gaza Fact Check""";NO EVIDENCE;;https://perma.cc/TJ68-CFNC sharing a clip of Leavitt’s remarks said: “WILD: Karoline Leavitt EXPOSED that $50 MILLION in U.S. taxpayer money almost went to fund CONDOMS in Gaza before DOGE cut it.”;Statements from the Trump administration saying it discovered a plan to send $50 million to fund condoms in Gaza have been denied by the humanitarian group named as the recipient and by a former U.S. official.;Yes;No;No;No
Reuters;https://www.reuters.com/fact-check/us-unrwa-funding-already-halted-2024-not-by-trump-2025-order-2025-01-28/;Fact Check: US UNRWA funding already halted in 2024, not by Trump 2025 order;01/25;"""Gaza Fact Check""";MISLEADING;;Trump halts all funding to UNRWA;"But U.S. funding to UNRWA was already frozen, having been so since 2024.Former U.S. President Joe Biden, along with more than a dozen countries, https://www.reuters.com/world/us-pause-funding-un-relief-agency-palestinians-may-become-permanent-2024-03-13/ the agency in January 2024 after Israel https://www.reuters.com/world/middle-east/review-says-unrwa-has-robust-neutrality-steps-issues-persist-2024-04-22/ of participating in the deadly Hamas attack on Israel on Oct. 7, 2023, which triggered the Gaza war.

VERDICTMisleading. U.S. funding to UNRWA was already suspended in 2024 following accusations against some of its staff by Israel.";Yes;No;No;No
Reuters;https://www.reuters.com/fact-check/mike-tyson-did-not-pose-with-palestinian-flag-ahead-jake-paul-bout-2024-12-02/;Fact Check: Mike Tyson did not pose with Palestinian flag ahead of Jake Paul bout;12/24;"""Gaza Fact Check""";FALSE;https://scontent-ham3-1.xx.fbcdn.net/v/t39.30808-6/489387455_1113894850752436_9133732093621443899_n.jpg?_nc_cat=102&ccb=1-7&_nc_sid=833d8c&_nc_ohc=akeqY0MRtMEQ7kNvwFMHjN2&_nc_oc=AdmbhqYJvm1t9KmVbRykgmLYwIxEGZRrF8EIFDXj7XFAs6BwdF6uRgM2HCL8MDgvqEk&_nc_zt=23&_nc_ht=scontent-ham3-1.xx&_nc_gid=_vtybaiWyTmaFJ_sZo798A&oh=00_AfHTrfds3gt3X1_NNnEoxA7ruvacNkynEk76Q3yV7PAi0w&oe=67FEB171;"Social media https://perma.cc/HGQ7-TCML featured a photo of the 58-year-old former heavyweight champion, purportedly in the ring for his Nov. 15 fight with Jake Paul, wearing the Palestinian flag draped on his shoulders and captioned: ""Mike Tyson poses with the Palestinian flag before his historic fight.""";"However, a spokesperson for Tyson said in an email that the posts suggesting Tyson displayed a Palestinian flag before the Nov. 15 fight at AT&T Stadium in Arlington, Texas fight were false.
Reuters reviewed the live stream of the Netflix-hosted event and found no images of Tyson displaying the flag.
A Netflix spokesperson also said the images are fake, and declined to comment further.
Among the signs the image was probably AI-generated are the changed position of Tyson’s face tattoo, incoherent text on the shorts and the missing chest tattoo, deepfake experts Siwei Lyu at the State University of New York at Buffalo and Shahroz Tariq at the Commonwealth Scientific and Industrial Research Organisation told Reuters.";No;No;Yes;No
Reuters;https://www.reuters.com/fact-check/guardian-headline-gaza-becoming-city-rivalling-bradford-is-fake-2024-11-27/;"Fact Check: Guardian headline on Gaza becoming a city rivalling Bradford is fake 
";11/24;"""Gaza Fact Check""";FALSE;;https://perma.cc/2YQV-6BV3 the screenshot mimics the layout and style of an opinion column in The Guardian newspaper. The headline reads: “Gaza will rise from the ashes to become a city of the future to rival Bradford.”;"A spokesperson for The Guardian said in an email to Reuters that neither the article nor the headline was ever published by the newspaper.
Begum’s spokesperson said in a separate email that the screenshot is not authentic “but a false slur”.
No such headline could be found on The Guardian’s website, opens new tab and a list of contributors, opens new tab on The Guardian’s website does not feature Begum’s name.";Yes;No;No;No
Reuters;https://www.reuters.com/fact-check/unrwa-added-black-ribbon-its-logo-2023-not-after-sinwars-death-2024-10-24/;Fact Check: UNRWA added black ribbon to its logo in 2023, not after Sinwar’s death;10/24;"""Gaza Fact Check""";MISLEADING;https://pbs.twimg.com/media/GaIg1KHXUAA4Pl9?format=jpg&name=medium;"Social media accounts https://www.facebook.com/seanrinva/posts/pfbid02GgBbXencY1rKRdmCXxi88hcmjDxhEZRLwxhVmFfU1kXffLmYj68Nre2hoFM9vLJ4l a photo of the United Nations Relief and Works Agency for Palestinian Refugees (UNRWA) logo with the https://x.com/persianjewess/status/1847074904283238543 on Oct. 18, 2024.

UNRWA has placed a black band over its profile photo in mourning for the death of the “Butcher of Khan Younis” Yahya Sinwar.

They’re not even trying to hide their affiliation with Hamas anymore.";Misleading. The black ribbon on the UNRWA logo predates Sinwar's death. It was added to the profile picture in October 2023 in solidarity with the relief agency's workers killed in Gaza.;No;Yes;No;No
Reuters;https://www.reuters.com/fact-check/fabricated-report-says-starmer-announced-uk-israel-boycott-2024-10-14/;Fact Check: Fabricated report says Starmer announced UK Israel boycott;10/24;"""Gaza Fact Check""";FALSE;;Social media accounts https://twitter.com/naziakhan455/status/1842977967586357344 https://www.facebook.com/prince.a.kashim/posts/pfbid02GCetMsoPo4ZMzE33SusgkCKFj1sSobRm24MQdSRMqc7NqatxW5fRStEU7m7VMbfhl on Oct. 6: “BREAKING NEWS UK PM… keir Starmer says that UK will boycott all diplomatic relations with Israel due to its long lasting war in Gaza.”;"There were no credible reports of Starmer saying the UK would cease relations with Israel by Oct. 14.

VERDICTFalse. Starmer has expressed commitment to Israel’s security and there are no credible reports he said the UK would cease relations as of Oct. 14.";Yes;No;No;No
Reuters;https://www.reuters.com/fact-check/jd-vances-x-profile-did-not-display-pro-israel-message-2024-07-24/;Fact Check: J.D. Vance’s X profile did not display pro-Israel message;07/24;"""Gaza Fact Check""";ALTERED;https://scontent-ham3-1.xx.fbcdn.net/v/t39.30808-6/475830298_122164305134317232_9138091936023554193_n.jpg?_nc_cat=100&ccb=1-7&_nc_sid=833d8c&_nc_ohc=nODI1AFQL7IQ7kNvwEl2wrY&_nc_oc=AdmwLrc8NlSpH-QOxXRQRbVa6_L5GH17WQS-RjzxU7QB23sqmrL8OMyGAVg01lHjTIA&_nc_zt=23&_nc_ht=scontent-ham3-1.xx&_nc_gid=saVwlFwoX7WMfxV7SuSj_Q&oh=00_AfGxNriRiEW-yHP_4IUQySf6NfEsioWGkHDhQJgI1PKOIQ&oe=67FED7CB;A https://archive.org/details/factcheck-usa-vance-israel sharing the fabricated screenshot added the comment, “ANOTHER AMERICA LAST Politician” and quoted the original X post’s remark: “They don't even hide it. Vance has already updated his profile to align with his objectives.”;"That remark and the fake screenshot were originally shared by a satirical account called “Decentralise Party,” whose https://archive.org/details/factcheck-usa-vance-israel_202407 states: “Satirical political party aiming to develop a parallel economy by rejecting the social contract. Some satirical articles and posts about conspiracy theories.”

Altered. A screenshot of Vance’s X profile was altered to include a pro-Israel cover photo and bio.";No;No;No;Yes
Reuters;https://www.reuters.com/fact-check/photo-shows-paris-protesters-2014-not-after-2024-election-2024-07-05/;Fact Check: Photo shows Paris protesters in 2014, not after 2024 election;07/24;"""Gaza Fact Check""";MISCAPTIONED;https://pbs.twimg.com/media/GRZQrraWcAAaBg4?format=jpg&name=medium, https://scontent-ham3-1.xx.fbcdn.net/v/t39.30808-6/484626820_2103198606778503_2990328359041098794_n.jpg?_nc_cat=104&ccb=1-7&_nc_sid=127cfc&_nc_ohc=av12Nm1FUkAQ7kNvwFIxdP4&_nc_oc=Adl2CIKrMJVsgBVQwuVjeQ2JmCjwJek4Kb3rrvQj1JCjkZMOr4suGLcgW7c063ZuLdM&_nc_zt=23&_nc_ht=scontent-ham3-1.xx&_nc_gid=I4eiD9bZ6NTP_9n6yxig3A&oh=00_AfEzIsOAzAGmi-8Visyx0OInpZZIhpRmRrVcyG3BTeJxWA&oe=67FEB6D6;The photograph was https://archive.org/details/factcheck-usafrance-riots in July 2024 with the text: “This is a picture of the ‘French’ Left who is rioting against Le Pen’s victory in France. What do you notice?” The photograph shows multiple men who have gathered, some wearing https://www.reuters.com/world/middle-east/palestinian-keffiyeh-scarves-controversial-symbol-solidarity-2023-12-14/, and a swastika on a wall.;"A photo showing pro-Palestinian protesters in 2014 next to a swastika symbol at the Place de la Republique in Paris, France, has been misrepresented online as showing rioting following the first round of French parliamentary elections in 2024.

Miscaptioned. Photo shows a pro-Palestinian protest in 2014, not electoral protests in 2024.";No;Yes;No;No
Reuters;https://www.reuters.com/fact-check/world-jewish-congress-did-not-amend-antisemitism-definition-2025-03-26/;Fact Check: World Jewish Congress did not amend antisemitism definition;03/25;"""Israel Fact Check""";FALSE;;"The World Jewish Congress (WJC) has amended the International Holocaust Remembrance Alliance (IHRA) working definition of antisemitism to include; “Conflating the assassination of JFK to jews/israel.” It is now antisemitic to say Israel shot JFK.

“Amendment to the IHRA working definition of antisemitism to include: Conflating the assassination of JFK with Jews and/or Israel.”";The World Jewish Congress (WJC) did not amend an international definition of antisemitism to include reference to the assassination of former U.S. President John F. Kennedy, contrary to a fabricated screenshot of the WJC’s website shared online.;Yes;No;No;No
Reuters;https://www.reuters.com/fact-check/headline-hamas-protecting-bibas-family-is-fake-not-bbc-2025-02-28/;Fact Check: Headline on Hamas 'protecting' Bibas family is fake, not BBC;02/25;"""Israel Fact Check""";FALSE;https://scontent-ham3-1.xx.fbcdn.net/v/t39.30808-6/480971669_1528273271421242_4695211079373149931_n.jpg?stp=dst-jpg_s1080x2048_tt6&_nc_cat=110&ccb=1-7&_nc_sid=127cfc&_nc_ohc=rMEwM2hqslQQ7kNvwECk1mN&_nc_oc=AdmUO756vnFAq2D-IjfuzsMkGB6_O217DrchwOx1xl2QqfPecnUrpcHr8D3-Im4Tbyo&_nc_zt=23&_nc_ht=scontent-ham3-1.xx&_nc_gid=vPLOywQr760s5pOBmLSUXg&oh=00_AfGe7wS57dJaV7EVIhlEQJsCch-vCDrxrhkCSqygDY2ivg&oe=67FED8C1;In mid-February, https://perma.cc/Y5P7-EFE6 using BBC News branding and mimicking a screenshot of a headline on the mobile version of the BBC website was shared on social media. The headline reads: “Hamas just wanted to protect the Bibas family but Israel killed them - Hamas said.”;"A BBC spokesperson said in an email that the screenshot does not show a genuine headline published by the outlet.No such headline can be found on the https://www.bbc.com/.
VERDICTFalse. The headline suggesting Hamas “just wanted to protect” the Bibas family was not published by the BBC.";No;No;No;Yes
Reuters;https://www.reuters.com/fact-check/image-bono-bob-geldof-holding-israeli-flag-is-ai-generated-2024-12-24/;Fact Check: Image of Bono and Bob Geldof holding Israeli flag is AI-generated;12/24;"""Israel Fact Check""";SYNTHETIC MEDIA;https://pbs.twimg.com/media/Ge8Xz_DW4AAARNm?format=jpg&name=4096x4096;"The image was https://perma.cc/HA9T-MW69 on Dec. 17 with the caption: “Make songs about fighting against apartheid.. then openly support apartheid.” It refers to Geldof and Bono’s https://www.washingtonpost.com/archive/lifestyle/1985/10/16/musical-protest-to-apartheid/3071f7c3-036c-4b35-8e46-9962266e323b/ with numerous other artists in the 1980s https://faroutmagazine.co.uk/every-artist-broke-cultural-boycott-of-apartheid/ calling out apartheid in South Africa.

The image was https://perma.cc/A55Y-PT49 on X by an account called Dr Harold News with the caption: “BREAKING: Bono and Bob Geldof stage two-man vigil outside Israeli Embassy in Dublin.”";"An image made with artificial intelligence showing Irish musicians Bono and Bob Geldof holding the Israeli flag has been shared online as authentic.

Dr Harold News said in a Facebook message to Reuters that the image was created using Grok AI.";No;No;Yes;No
Reuters;https://www.reuters.com/fact-check/false-rumor-said-israeli-air-force-chief-killed-after-hezbollah-truce-2024-12-05/;Fact Check: False rumor said Israeli Air Force chief killed after Hezbollah-truce announcement;12/24;"""Israel Fact Check""";FALSE;;One of the social media https://perma.cc/6SK2-GA6K sharing the false narrative on Nov. 28 reads: “Best news of the week. Commander of the Israeli Air Force, Major General Tomer Bar has been killed by Hеzbollаh in Tel Aviv. Israel doesn't want you to know about this.”;"A false rumor that Israeli Air Force chief Tomer Bar was killed by Hezbollah in a Nov. 18 drone attack on his residence was shared on social media after Israel and Hezbollah accepted a ceasefire agreement brokered by the U.S. and France on Nov. 26.
There is no evidence of Bar’s death on the 18th, however, and he has since appeared in visuals at an Israel Defense Forces (IDF) graduation ceremony on Nov. 27 and alongside Israeli Defense Minister Israel Katz in a Dec. 4 visit to an air force base in central Israel.

VERDICTFalse. Israeli Air Force chief Tomer Bar was not killed in the days after a truce between Israel and Hezbollah was announced on Nov. 26.";Yes;No;No;No
Reuters;https://www.reuters.com/fact-check/jewish-americans-not-charged-alleged-iran-linked-assassination-plot-2024-11-12/;Fact Check: Jewish Americans not charged in alleged Iran-linked assassination plot;11/24;"""Israel Fact Check""";FALSE;;A Nov. 9 https://perma.cc/2LWC-BLUQ said: “That ‘Iranian assassination plot’ was orchestrated by two Jewish Americans. Again, Israel wants war with Iran but wants American money to fund it and American servicemen to fight it.”;"A TV news report saying two Jewish Americans and an Iranian activist were also targets in an alleged plot by Iran to assassinate then presidential candidate Donald Trump has been shared online with false captions saying instead that two Jewish Americans were charged in the conspiracy.

However, the post contained a screenshot of an https://abc7ny.com/3-charged-iran-linked-plot-assassinate-donald-trump-sources-abc-news/15527333/ on the website of local ABC News affiliate ABC7 Eyewitness News about the charges, which said two Jewish Americans were among the targets of the plot, not that they were part of it.";Yes;No;No;No
Reuters;https://www.reuters.com/fact-check/image-shows-2021-tehran-refinery-explosion-not-2024-airstrikes-2024-10-31/;Fact Check: Image shows 2021 Tehran refinery explosion, not 2024 airstrikes;10/24;"""Israel Fact Check""";MISCAPTIONED;https://c12mediaforum.afp.com/CacheServer/Cache.svc/g?hid=3CD0079965D664F71ACCB09651E25BDC4150538783EBD5AD9A5306A6BA9BF4C4;An image showing fire and billowing smoke at a Tehran refinery in 2021 has been falsely described online as depicting a bombing in Iran’s capital in October 2024.“Tehran bombing,” an Instagram https://www.instagram.com/reel/DBkMZs6Cntw/?utm_source=ig_embed&utm_campaign=loading captioned the image on Oct. 26, using the hashtags: “tehran #iran #iranian #israel.”;VERDICTMiscaptioned. The image dates to June 2021 and shows smoke from a refinery fire in Tehran, not a bombing in the city.;No;Yes;No;No
Reuters;https://www.reuters.com/fact-check/image-does-not-show-hezbollah-leader-nasrallahs-damaged-ring-2024-10-03/;Fact Check: Image does not show Hezbollah leader Nasrallah’s damaged ring;10/24;"""Israel Fact Check""";MISCAPTIONED;https://pbs.twimg.com/media/GDGJ83DWEAApIQp?format=jpg&name=large;"After Nasrallah’s death, an image showing a damaged ring, a fragment of another piece of jewelry and a small piece of paper was https://archive.org/details/factcheck-lebanon-nasrallah-ring.

Another post said, “The New York Times: Hezbollah members found the body of military commander Ali Karaki next to Nasrallah's body. Image: Remains of Nasrallah’s ring were found.”";"An image of a damaged ring first shared in January and described as showing remains from an attack that killed a militant leader in Iraq has been falsely captioned online as a ring belonging to Hezbollah leader Sayyed Hassan Nasrallah, who was killed in Lebanon in September.

However, the same image was https://archive.org/details/factcheck-lebanon-nasrallah-ring_202410 described as “what remains” of Abu Taqwa, a militant leader in Iraq.

VERDICT
Miscaptioned. The image of a damaged ring predates the September 2024 airstrike that killed Hezbollah leader Sayyed Hassan Nasrallah.";No;Yes;No;No
Reuters;https://www.reuters.com/fact-check/israels-defence-minister-was-not-killed-iran-attack-contrary-social-media-claims-2024-10-02/;Fact Check: Israel’s defence minister was not killed in Iran attack, contrary to social media claims;10/24;"""Israel Fact Check""";FALSE;;Tehran https://www.reuters.com/world/middle-east/israeli-military-has-begun-limited-raids-against-hezbollah-targets-border-area-2024-09-30/ at the country after https://www.reuters.com/world/middle-east/iran-says-it-has-finished-attack-israel-amid-fears-spreading-conflict-2024-10-02/ against the Iran-backed armed movement Hezbollah in Lebanon in recent weeks.https://archive.org/details/20241002_20241002_1313 claimed Gallant, https://www.reuters.com/world/middle-east/key-facts-about-israel-defence-minister-yoav-gallant-2024-05-20/ and a member of Prime Minister Benjamin Netanyahu’s war cabinet, was killed in the barrage.;"However, a spokesperson for Gallant said in an email to Reuters that the claims were untrue.

VERDICTFalse. A spokesperson for Israel’s defence minister said that claims Yoav Gallant had been killed in Iran’s missile attacks on Oct. 1, 2024, were untrue.";Yes;No;No;No
Reuters;https://www.reuters.com/fact-check/image-does-not-show-majdal-shams-attack-victim-2024-08-07/;"Fact Check: Image does not show Majdal Shams attack victim
";08/24;"""Israel Fact Check""";MISCAPTIONED;https://pbs.twimg.com/media/GTiPC62aYAA6xqc?format=jpg&name=medium;The youngest victim of the Hezbollah rocket that murdered 12 children playing soccer in Israel today. (Posted on Jul 28, 2024);"A photograph showing an American child was falsely shared as an image of one of the victims of an airstrike on a football field in the Golan Heights.

However, the photograph does not show a victim of the July 27 attack.The photograph was https://archive.org/details/factcheck-israel-victim-misidentified_202408 on May 10, 2023, by a U.S.-based user, Rachel Ghirarda. Other posts from the account indicate that the photograph shows her daughter, Julia.Ghirarda addressed her daughter being misidentified as one of the victims in a https://archive.org/details/factcheck-israel-victim-misidentified_20240802_1423.

Miscaptioned. The image does not show a child who was killed in the July 27 attack on a football field in Majdal Shams, Golan Heights.";No;Yes;No;No
Reuters;https://www.reuters.com/fact-check/photo-damaged-building-predates-killing-hamas-chief-ismail-haniyeh-2024-08-06/;Fact Check: Photo of damaged building predates killing of Hamas chief Ismail Haniyeh;08/24;"""Israel Fact Check""";MISCAPTIONED;https://scontent-ham3-1.xx.fbcdn.net/v/t39.30808-6/480134043_1419724775667465_2961258567058562346_n.jpg?_nc_cat=106&ccb=1-7&_nc_sid=833d8c&_nc_ohc=59jl2uzkg1wQ7kNvwGHmz6A&_nc_oc=AdkSqWEJzdHQG0Zgf01KYkbRH0KlvCdGsGQbOQ5YVNLtEwPOmDyFjdMWnbU-rw99oEY&_nc_zt=23&_nc_ht=scontent-ham3-1.xx&_nc_gid=xtDkTPCLjW6YZYPSEckucQ&oh=00_AfFm-QOa08Y8kiXbybOwlGSQw7Ekoqg_ZyEyIu_sfqrXzQ&oe=67FEE421, https://scontent-ham3-1.xx.fbcdn.net/v/t39.30808-6/453304238_7895800453789013_3027381845331506737_n.jpg?_nc_cat=103&ccb=1-7&_nc_sid=833d8c&_nc_ohc=l_K4WIcp2ksQ7kNvwFrHPsc&_nc_oc=Adky6yI2YHYeFuHaumHD-a3wQVHyhd5At0Sg3SUaOPJJzE6r-ph5UXdRqd2XqY6HFYo&_nc_zt=23&_nc_ht=scontent-ham3-1.xx&_nc_gid=_bRhnMlRuQXiOIkNtAdI5A&oh=00_AfF4Iuc1gH2Eq7GUsUjXWP2N041MOSL9rtltYcd9bWj1ZQ&oe=67FED35D;The caption of one of the posts sharing the photo  https://archive.org/details/damaged-building_202408 , in part: “This is how a precision strike looks like: a single missile through the window, and only Haniyeh and his bodyguard are dead. Nobody else in the building is even injured.”;"A photo showing a multi-story building with a damaged window was published in 2022 and does not show the site of the July 31 assassination of Hamas leader Ismail Haniyeh, contrary to posts on social media.


The image was shared online after  https://www.reuters.com/world/middle-east/hamas-chief-ismail-haniyeh-killed-iran-hamas-says-statement-2024-07-31/ in the Iranian capital Tehran early on Wednesday, hours after he attended a swearing-in ceremony for Iran’s new president. Iran and Hamas have https://www.reuters.com/world/middle-east/iran-says-hamas-leader-haniyeh-was-killed-by-short-range-projectile-2024-08-03/ Israel of launching the strike that killed Haniyeh.The photo was published online two years before the killing of Haniyeh, however.

Reuters has not independently verified the original source or location of the image. However, it was described by  https://archive.org/details/damaged-building_20240802_0421 as showing the house where al Qaeda leader Ayman al-Zawahiri was killed in Kabul, Afghanistan, in 2022.Al-Zawahiri, who helped coordinate the Sept. 11, 2001, attacks on the U.S., was killed by two  https://www.whitehouse.gov/briefing-room/press-briefings/2022/08/01/background-press-call-by-a-senior-administration-official-on-a-u-s-counterterrorism-operation/ while standing on a balcony at his home in downtown Kabul, according to U.S. officials https://www.reuters.com/world/cia-carried-out-drone-strike-afghanistan-us-officials-say-2022-08-01/ by Reuters.

VERDICTMiscaptioned. A photo showing a damaged building predates the assassination of Hamas leader Ismail Haniyeh.";No;Yes;No;No
Reuters;https://www.reuters.com/fact-check/image-does-not-show-chinas-2024-olympic-outfit-inspired-by-palestinian-flag-2024-07-30/;Fact Check: Image does not show China's 2024 Olympic outfit inspired by Palestinian flag;07/24;"""Israel Fact Check""";MISCAPTIONED;https://scontent-ham3-1.xx.fbcdn.net/v/t39.30808-6/452050847_10159793580437204_808697575281651610_n.jpg?_nc_cat=105&ccb=1-7&_nc_sid=833d8c&_nc_ohc=50ke2E0KTBsQ7kNvwGQ151w&_nc_oc=Adm_1eVpi1BZ1uivW1XdcWk3aq_KDluJEQr9KgrYNGVEy9-HCVh7Ys7iq8HIpur6iJg&_nc_zt=23&_nc_ht=scontent-ham3-1.xx&_nc_gid=Wic0OSJveebnJDsRADbU7A&oh=00_AfGy3TQPXo5mxfW_vDjC9F0wCK45r3Y3kBb6t1zStnRgCg&oe=67FEDE3A;https://archive.org/details/factcheck-chinaolympics-outfit shared the image of a model wearing a green-and-black outfit and holding a bow and arrow with red fabric unfurling behind her from the bow. The posts misrepresented the image with captions such as “China has chosen a design of the Palestinian flag for the Paris 2024 Olympics.”;VERDICTMiscaptioned. The image shows a model posing for the September 2023 edition of Vogue China magazine and not a Chinese Olympic team outfit inspired by the Palestinian flag;No;Yes;No;No
Snopes;https://www.snopes.com/fact-check/ice-arrested-deported-mahmoud-khalil/;Yes, ICE arrested Palestinian activist Mahmoud Khalil, a lawful permanent resident of US;03/25;"""Gaza""";TRUE;;In March 2025, U.S. Immigration and Customs Enforcement (ICE) agents arrested and detained Palestinian activist Mahmoud Khalil, a lawful permanent resident of the U.S.;;Yes;No;No;No
Snopes;https://www.snopes.com/fact-check/trump-hell-israel-hostages/;Trump Said 'All Hell Will Break Out' If Israeli Hostages Aren't Returned By Inauguration;01/25;"""Gaza""";Correct Attribution;;"U.S. President-elect Donald Trump said that if Israeli hostages held by Hamas ""are not back by the time I get into office, all hell will break out in the Middle East.”";;Yes;No;No;No
Snopes;https://www.snopes.com/fact-check/anthony-bourdain-palestine/;Misleading Posts Attribute 'Courage Is Made in Palestine' Quote to Anthony Bourdain;12/24;"""Gaza""";Incorrect Attribution;;"Anthony Bourdain once said, ""Today, nearly everything is made in China. Except for courage. Courage is made in Palestine.”";"Context
Prior to his death in June 2018, there's no record of Bourdain ever making this exact statement. However, he did talk publicly about Israel and Gaza, including comments specifically about Palestinians.

While it's entirely possible that Bourdain might have agreed with the message, we have so far been unable to find any credible record of him making that exact statement.";Yes;No;No;No
Snopes;https://www.snopes.com/fact-check/biden-war-palestine-book/;Real Picture of Biden Carrying Rashid Khalidi's Book 'The Hundred Years' War on Palestine'?;12/24;"""Gaza""";TRUE;https://mediaproxy.snopes.com/width/1200/https://media.snopes.com/2024/12/biden_book_2.jpg;"A photograph authentically shows U.S. President Joe Biden exiting a Nantucket bookstore holding a copy of writer Rashid Khalidi's book, ""The Hundred Years' War on Palestine: A History of Settler Colonialism and Resistance, 1917–2017.""


In late November 2024, a https://www.tiktok.com/@metrouk/video/7442997295823473953 of U.S. President Joe Biden went viral, in which he appeared to be exiting a bookstore holding a book by writer Rashid Khalidi called ""The Hundred Years' War on Palestine: A History of Settler Colonialism and Resistance, 1917–2017.""


The above image is real, and does show Biden holding the book in question while leaving the Nantucket Bookworks store in Massachusetts. The photograph was taken Nov. 29, 2024, when numerous photos of Biden were taken during the Thanksgiving holiday weekend. As such, we rate this claim as true.";;No;Yes;No;No
Snopes;https://www.snopes.com/fact-check/israel-greta-thunberg-sign/;Greta Thunberg Was Photographed Holding 'F*** Israel' Sign?;11/24;"""Gaza""";FAKE;"Altered photo: https://mediaproxy.snopes.com/width/1200/https://media.snopes.com/2024/11/greta_isreal_sign_featured.png; Original photo: https://pbs.twimg.com/media/F84qu2lXkAAISOM?format=jpg&name=medium";"A photograph shared to social media in November 2024 authentically showed Greta Thunberg holding a sign reading, ""F*** Israel.”";"They were correct. The image was a cropped and manipulated version of a real photo of Thunberg holding a sign reading, ""Stand With Gaza."" We have labeled the in-question image fake.";No;No;No;Yes
Snopes;https://www.snopes.com/fact-check/u2-bob-geldof-israeli-army/;U2 and Bob Geldof Doing Multi-Stadium Tour to Support Israeli Army?;11/24;"""Gaza""";Originated as Satire;;In November 2024, rock band U2 and singer Bob Geldof announced a multi-stadium tour to aid the Israeli army.;"There is no evidence that U2 and Geldof have planned or announced a multi-stadium tour to support the IDF. The unfounded claim originated from a social media account that was satirical in nature.
However, a number of posts https://x.com/CounsellingSam/status/1853815931366989919 the claim, assuming it to be real, and calling for a boycott of U2 and Geldof. One post https://x.com/CounsellingSam/status/1853815931366989919, ""Boycott Zionist rock stars like Bob Geldof, Nick Cave & The Bad Seeds, Radiohead, and U2. They're all shite these days, anyway.""
The claim first appeared on Nov. 4, 2024, on an X account titled, ""The Real Irish Times."" The account bio https://x.com/WillMcC06903346: ""Political Satire & Parody. Exposing the hypocrisy of the Irish media and those in positions of power & influence.""";Yes;No;No;No
Snopes;https://www.snopes.com/fact-check/jetblue-map-israel-palestine/;JetBlue's In-Flight Map Showed 'Palestinian Territories' Label Over Israel?;09/24;"""Gaza""";TRUE;https://mediaproxy.snopes.com/width/1200/https://media.snopes.com/2024/09/jetblue_inflight_map_1.png;"On JetBlue Airlines' in-flight mapping system, Israel's borders were inaccurate and the area was shown under the label ""Palestinian Territories.”

In early September 2024, https://web.archive.org/web/20240905015225/https://www.jpost.com/diaspora/article-818656 https://web.archive.org/web/20240911171736/https://www.ynetnews.com/travel/article/bjgp0065hc that JetBlue Airlines had displayed an inaccurate in-flight map that gave the false impression much of Israel was part of the ""Palestinian Territories."" An Israeli news outlet interviewed the passenger who first noticed the issue and published a photo of the JetBlue map showing the name ""Palestinian Territories"" over a large section of Israel. Following this report, https://www.instagram.com/community.news/reel/C_hK8MLJGz-/https://www.instagram.com/let_my_people_know/p/C_hDKHqpDDM/?hl=en accounts amplified the news of the map mishap, sparking backlash against the airline.


The reports of the mislabeled in-flight map were true, and as a result of the viral nature of the claim, JetBlue issued a public apology.";;No;Yes;No;No
Snopes;https://www.snopes.com/fact-check/trump-netanyahu-ceasefire-harris/;Trump Denies Telling Netanyahu to Stop Gaza Ceasefire Deal As It Would Help Harris Campaign;08/24;"""Gaza""";UNPROVEN;;In a phone call with Benjamin Netanyahu, Donald Trump told the Israeli prime minister to stop a Gaza ceasefire deal because it would help Vice President Kamala Harris' 2024 presidential campaign.;"In statements to Snopes, Trump's office denied that such a phone call even took place, while Netanyahu's team said the story was not true. Woodruff also corrected herself in the aftermath, and said her comments were a ""mistake.""

There was also no independent verification about the topics discussed on the purported phone call, as reported by Axios, who added an editor's note to their article, which read: ""This story has been updated to reflect that Netanyahu's office denied a phone call took place on Wednesday between the Israeli prime minister and former President Trump.”

Though Trump and Netanyahu denied the claim, and Woodruff issued a correction, Axios still cited two unnamed sources who said the call took place. Given Snopes was unable to track down these unknown sources to verify the claim, we have rated this claim ""Unproven.”";Yes;No;No;No
Snopes;https://www.snopes.com/fact-check/kamala-harris-support-israel/;Kamala Harris Said, 'Our Support for Israel Will Continue'?;07/24;"""Gaza""";FALSE;;"On July 22, 2024, Vice President Kamala Harris said, ""Our support for Israel will continue"" amid Israeli Prime Minister Benjamin Netanyahu’s visit to the United States.";"Context
While Harris did not use the above words, she has continuously supported Israel amid its assault on Gaza. Recently she called for a temporary cease-fire, becoming the first person in the Biden administration to do so, and for more humanitarian aid to enter Gaza.";Yes;No;No;No
Snopes;https://www.snopes.com/fact-check/palestine-girl-wedding-dress-gaza/;Yes, Photos Show Palestinian Girl Wearing Wedding Dress Found in Gaza Rubble;07/24;"""Gaza""";TRUE;https://mediaproxy.snopes.com/width/1200/https://media.snopes.com/2024/07/palestinian_girl_wearing_wedding_dress.png;Photos being shared online in late June 2024 authentically show a Palestinian girl wearing a wedding dress found amid the rubble in Khan Yunis, Gaza.;;No;Yes;No;No
Snopes;https://www.snopes.com/fact-check/un-famine-gaza/;UN Said There's No Famine in Gaza?;07/24;"""Gaza""";FALSE;;The United Nations said in early 2024 there was no famine in Gaza.;"Weeks later, however, the U.N. appeared to reverse itself. The FRC released https://reliefweb.int/report/occupied-palestinian-territory/famine-review-committee-review-famine-early-warning-systems-network-fews-net-ipc-compatible-analysis-northern-governorates-gaza-strip-conclusions-and-recommendations-may-2024 on June 4 that characterized previous dire projections for northern Gaza as implausible. Supporters of Israel and those skeptical of the ICC indictment took this report as an exoneration of Israel and, in some cases, https://x.com/EylonALevy/status/1805833300079960222 there was no famine in Gaza in the first place:

However, the U.N. report that allegedly exonerated Israel did not make any ""admission"" that there was ""no famine after all,"" nor did it clear Israeli leaders of the ICC charge of using starvation as a tool of war.

In fact, this report explicitly stated that an absence of data — not the existence of evidence against famine — drove its conclusion. That revised projection, experts on international law regarding starvation-related war crimes say, is unlikely to affect ICC prosecutors' case against Netanyahu and Gallant.";Yes;No;No;No
Snopes;https://www.snopes.com/fact-check/israel-dna-test-illegal/;DNA Tests in Israel Are Illegal?;09/24;"""Israel""";FALSE;;It is illegal to do a DNA test in Israel.;"Context
While genetic testing is not outright illegal in Israel, there are significant legal restrictions that limit access to DNA tests.

";Yes;No;No;No
Snopes;https://www.snopes.com/fact-check/james-baldwin-on-israel/;James Baldwin Said Israel Was Created for Salvation of Western Interests, Not Salvation of Jews?;09/24;"""Israel""";Correct Attribution;;"American writer James Baldwin once said: ""The state of Israel was not created for the salvation of the Jews; it was created for the salvation of the Western interests.""";"In 1979, while the writer was living in New York City, he penned https://archive.ph/oMqR2 to The Nation – a self-described https://archive.ph/4Atc2 in publication since being founded by abolitionists in 1865 – titled ""Open Letter to the Born Again.""

In his letter, he provided the quote https://archive.ph/oMqR2#selection-1867.0-1870.0:~:text=But%20the%20state,than%20thirty%20years..
Therefore, because the quotation was correctly attributed to Baldwin and could be read in The Nation, we rated this claim ""Correct Attribution.""";Yes;No;No;No
Politifact;https://www.politifact.com/factchecks/2024/dec/06/instagram-posts/has-gazas-population-grown-2-since-oct-7-2023-no-t/;“The population in Gaza has increased by 2.02% since Oct. 7, 2023.”;12/24;"""Israel""";FALSE;;“The population in Gaza has increased by 2.02% since Oct. 7, 2023.”;"• The CIA’s World Factbook says its population data is from the U.S. Census Bureau.
• A Census Bureau spokesperson told PolitiFact that if the World Factbook used census data for population growth rates, the data would come from the international population estimates and projections released in August 2023, before Hamas attacked Israel on Oct. 7, 2023.
• The United Nations reported in July that Gaza’s current population decreased by 200,000 from the region’s projected 2024 population. Gaza’s health ministry said 40,000 Palestinians have been killed in Gaza.";Yes;No;No;No
Politifact;https://www.politifact.com/factchecks/2024/oct/15/instagram-posts/trump-urged-revenge-against-iran-not-israel-in-res/;Says former President Donald Trump posted on Truth Social, “I hope that America obliterates Israel.”;10/24;"""Israel""";FALSE;;Says former President Donald Trump posted on Truth Social, “I hope that America obliterates Israel.”;Trump urged revenge against Iran, not Israel, in response to a potential assassination scenario;Yes;No;No;No
Politifact;https://www.politifact.com/factchecks/2024/oct/09/threads-posts/americans-in-lebanon-and-israel-had-to-pay-for-the/;The U.S. government is offering Americans loans to pay for flights out of Lebanon while they have been flying Israeli citizens out of Israel on chartered flights for a year “on our dime.”;10/24;"""Israel""";FALSE;;The U.S. government is offering Americans loans to pay for flights out of Lebanon while they have been flying Israeli citizens out of Israel on chartered flights for a year “on our dime.”;Americans in Lebanon and Israel had to pay for their own emergency flights out of each country;Yes;No;No;No
Politifact;https://www.politifact.com/factchecks/2024/oct/08/donald-trump/fact-check-trump-said-he-has-been-to-gaza-thats-fa/;Of Gaza, “I’ve been there.”;10/24;"""Israel""";FALSE;;"Donald Trump
stated on October 7, 2024 in an interview with Hugh Hewitt:
Of Gaza, “I’ve been there.”";"• On May 23, 2017, Trump met with Palestinian Authority President Mahmoud Abbas in Bethlehem in the West Bank.
• We found no evidence that he’s been to Gaza.
• President Bill Clinton visited Gaza in 1998; experts said he’s the last president to visit Gaza. 

Trump actually stated the claim in an interview, but the claim is wrong.";Yes;No;No;No
Politifact;https://www.politifact.com/factchecks/2024/sep/20/tweets/no-this-image-doesnt-show-an-iphone-that-exploded/;“iPhones exploding in Lebanon blowing up random people.”;09/24;"""Israel""";FALSE;https://pbs.twimg.com/media/GXxe63hXsAAlRh4?format=jpg&name=large;"""iPhones exploding in Lebanon blowing up random people,""";"The image of an exploded iPhone being shared as if it was from recent device attacks in Lebanon was published in a 2021 article about an exploding iPhone in a suburb of Cairo, Egypt.

Credible news reports of the attacks in Lebanon did not say that iPhones were devices targeted in the attacks.";No;Yes;No;No