,id,Website,Article_URL,Headline,Claim_Date,Review_Date,Query/Keyword,Label_Website,Image_URL,Original_Claim_Website,Original_Claim_Only,Context/Label_Explanation,Text_Only_Claim,Normal_Image,AI_Generated_Image,Altered_Image
0,0,AFP Factcheck,https://factcheck.afp.com/doc.afp.com.42JE3T2,False claims about US general being killed in Gaza spread online,2025-04-06,2025-04-17,Israeli-Palestinian conflict,FALSE,https://pbs.twimg.com/media/Gn4wjgBXoAALax1?format=jpg&name=medium,"""BREAKING: Reports confirm the death of General John Pagri, Commander of the Special Tasks Battalion in the U.S. Army, in the Gaza Strip,"" says an April 6, 2025 X post with more than 30,000 likes.","""BREAKING: Reports confirm the death of General John Pagri, Commander of the Special Tasks Battalion in the U.S. Army, in the Gaza Strip.""","A reverse image search reveals the photograph was uploaded to Wikimedia Commons, a website that collects free-use images, with a description that says that it was taken in 2007 in Iraq's Babil province (archived here). Wikimedia Commons credits a blog post from the US National Guard as the source of the image. While the site has since been deleted, an archived version available via the Internet Archive says that the men in the image are two sergeants named Robbie Doman and Christopher W. Sullenberger. Doman, standing in the middle of the photograph, received media coverage in 2017 when he appeared on the NBC television show ""American Ninja Warrior"" after being injured in an explosion in 2008 (archived here, and here). Several US media outlets published images of Doman from his service in Iraq, which are similar to those used in the social media posts (archived here).",No,Yes,No,No
1,1,AFP Factcheck,https://factcheck.afp.com/doc.afp.com.39432WD,"Pictures show Gaza in ruins, not Myanmar quake damage",2025-03-29,2025-04-17,Israeli-Palestinian conflict,FALSE,https://web.archive.org/web/20250402070342im_/https://scontent-sjc3-1.xx.fbcdn.net/v/t39.30808-6/487419008_122233817522067190_5197398173696178365_n.jpg?stp=dst-jpg_s600x600_tt6&_nc_cat=108&ccb=1-7&_nc_sid=833d8c&_nc_ohc=Vrh6myPuQ6QQ7kNvgEk5XXK&_nc_oc=AdlUD89_DZpLh7YT1h3kFtbXsa5hjVVf72r_jD7lK9JlOF-ZbIpsMP742_7qAbGCwXM&_nc_zt=23&_nc_ht=scontent-sjc3-1.xx&_nc_gid=fSR43b_Iy30vsY8iyeCKXQ&oh=00_AYHnGD8C7-NR7_yARBjobfW6AGmcjuJ4rs3dDhokDkqldw&oe=67F29A7A,"""A 7.9-magnitude earthquake in Myanmar, devastation everywhere, everything in ruins,"" read part of a simplified Chinese caption of a Facebook post published March 29.","""A 7.9-magnitude earthquake in Myanmar, devastation everywhere, everything in ruins."" ","However, a reverse image search for the first photo in the post led to a TikTok video shared February 20 by a user based in Gaza. The clip shows the same destroyed building (archived link). A photo from the Turkish Anadolu news agency shows the same scene. ""A view of the destruction in Jabalia camp after Israeli forces withdrew from the area following the ceasefire in Gaza on February 05, 2025,"" the caption says. ",No,Yes,No,No
2,2,AFP Factcheck,https://factcheck.afp.com/doc.afp.com.37W26WD,Image of 'Gazan mother with son's bones' is made with AI,2025-03-24,2025-03-27,Israeli-Palestinian conflict,FALSE,https://scontent-hou1-1.xx.fbcdn.net/v/t39.30808-6/486290815_1290888865331200_3774810229142652666_n.jpg?_nc_cat=108&ccb=1-7&_nc_sid=127cfc&_nc_ohc=dJB5KMYY-K8Q7kNvwG36ECt&_nc_oc=Adm1o8yPbYbSNkcgvalWokrqaqaaHITQDp4TW4yh1603BysZ0yTW6m3OzdfFRAcVyc0&_nc_zt=23&_nc_ht=scontent-hou1-1.xx&_nc_gid=7AoU9LU1o_p7jCObsgUWlQ&oh=00_AfH7GWH4PBqeBawSJ9_R87ZfrG1kYAoZjldaIHBiuECusg&oe=681E8A2A,"""A mother holds the bones of her son in Gaza. After more than a year and a half of searching for him under the rubble of their bombed-out house,"" reads a Malay-language Facebook post shared on March 24.","""A mother holds the bones of her son in Gaza. After more than a year and a half of searching for him under the rubble of their bombed-out house.""","A keyword search found a wider-angle version of the image first shared March 21 on Instagram alongside the disclaimer: ""This visual representation is an AI-generated image created for illustrative purposes"" (archived link). Watermarks that say ""in.visualart"" on the upper left side and ""designed by in.visualart"" on the lower left part have been cropped out in the circulating posts. The primary Instagram account sharing the image -- called ""in.visualart"" -- describes itself as a ""designer"" and labels its content as ""AI tools"" and ""AI-generated image"". Shu Hu, head of Purdue University's Machine Learning and Media Forensics Lab in the United States, told AFP the image was AI-generated (archived link). Hu pointed out the woman's blurry teeth in the image and said that there was ""no obvious segmentation"", one of the hallmarks of AI-generated imagery. While there is no foolproof method to spot AI-generated media, identifying watermarks and visual inconsistencies can help, as errors still occur despite the meteoric progress in generative AI.",No,No,Yes,No
3,3,AFP Factcheck,https://factcheck.afp.com/doc.afp.com.36XY2FV,Old image misrepresented as 'Israeli settlers' in northern Thailand after Gaza ceasefire,2025-02-16,2025-02-19,Israeli-Palestinian conflict,FALSE,https://pbs.twimg.com/media/Gj5tbXiaQAAoG1z?format=jpg&name=small,"""Israeli media reports there are Jews who have stopped fighting the wars in Gaza, Palestine, and Lebanon. They moved to become 'settlers' in Pai District, Mae Hong Son Province, Thailand,"" reads part of an X post published February 16, 2025.","""Israeli media reports there are Jews who have stopped fighting the wars in Gaza, Palestine, and Lebanon. They moved to become 'settlers' in Pai District, Mae Hong Son Province, Thailand.""","A reverse image search via Google traced the viral photo to a report published October 2, 2024 by the Mae Hong Son Immigration Office (archived link). The photo was taken during an inspection at an event celebrating Rosh Hashanah, the Jewish New Year, at a synagogue in Pai. ""There were approximately 400-500 Jewish people attending, and the event proceeded normally,"" the report says. Local media outlets reported police officers were deployed to the Rosh Hashanah celebrations to ""inspect, facilitate and maintain safety"" (archived links here and here).",No,Yes,No,No
4,4,AFP Factcheck,https://factcheck.afp.com/doc.afp.com.36RF6BZ,"Picture shows Israel's 2018 Gaza attack, not aftermath of US strike in Yemen",2024-12-22,2024-12-26,Israeli-Palestinian conflict,FALSE,https://media.gettyimages.com/id/1060718622/de/foto/gaza-city-gaza-smoke-and-flames-blow-up-above-the-hamas-run-al-aqsa-tv-during-israeli.jpg?s=2048x2048&w=gi&k=20&c=fjfyiuoJ3uX2rjXeyi_YnGMkmX1-vTQUINfDoxnQzoI=,"""Americans bombarded Yemen in reprisal after Yemen launched an attack on Israel's capital,"" read a Thai-language Facebook post on December 22, 2024.","""Americans bombarded Yemen in reprisal after Yemen launched an attack on Israel's capital."" ","But a reverse image search on Google found the same picture published by photo agency Getty Images on November 12, 2018 (archived link). Its caption read: ""GAZA CITY, GAZA - NOVEMBER 12: Smoke and flames blow up above the Hamas-run Al-Aqsa TV during Israeli airstrikes to positions in Gaza on November 12, 2018.""",No,Yes,No,No
5,5,AFP Factcheck,https://factcheck.afp.com/doc.afp.com.36NF2UW,"Photo shows Israeli helicopter firing flares over Gaza, not 'shot down in Lebanon'",2024-11-24,2024-12-02,Israeli-Palestinian conflict,FALSE,https://t1.blockdit.com/photos/2024/11/67417966c5d700bda4e839f6.jpg,"""Lebanon shot down its enemy's helicopter,"" read a Thai-language Facebook post shared on November 24, 2024.","""Lebanon shot down its enemy's helicopter."" ","A reverse image search on Google led to the same photo used in a report published by The Times of Israel newspaper on May 20, 2019 (archived link). The photo is credited to AFP photographer Mohammed Abed, and its caption read: ""An Israeli helicopter shoots flares over the Gaza Strip hours after a rocket from the Palestinian enclave hit a house near Tel Aviv and wounded seven people, leading to fears of a severe escalation, on March 25, 2019.""",No,Yes,No,No
6,6,AFP Factcheck,https://factcheck.afp.com/doc.afp.com.36MV6KT,AI-generated image used to falsely claim Netanyahu hospitalized,2024-11-17,2024-11-20,Israeli-Palestinian conflict,FALSE,https://scontent-dfw5-2.xx.fbcdn.net/v/t39.30808-6/467574066_10159703629306377_2271087948666621641_n.jpg?_nc_cat=106&ccb=1-7&_nc_sid=833d8c&_nc_ohc=sLkWj06JNSIQ7kNvwF8V9Ks&_nc_oc=AdmX4eGfRA00g0oakzPCxbU37qVHOnj-5s0mPTUOMhTj-uJgcy4XGkbqrL2QVkvRdLk&_nc_zt=23&_nc_ht=scontent-dfw5-2.xx&_nc_gid=GxsCLpbhYjt7pSBgkFmzkQ&oh=00_AfHBauCQ4-oFrtT0kySyUl9ET2-BwofVsasFfT3vNsPXdg&oe=681E8BB2,"""BREAKING NETANYAHU HOSPITALISED He suffered serious health issue in Kiryah and has been shifted to a hospital in Tel Aviv,"" says a November 17 X post from Sulaiman Ahmed, a creator who has monetized misinformation about Israel's war with Hamas.","""BREAKING NETANYAHU HOSPITALISED He suffered serious health issue in Kiryah and has been shifted to a hospital in Tel Aviv.""","However, November 2024 social media posts claiming he was hospitalized with a ""serious health issue"" are false; the Israeli leader gave a speech to lawmakers when he was supposedly admitted, and experts told AFP the image shared online is likely AI-generated. The photo being shared of Netanyahu was likely generated by artificial intelligence, experts said. Hany Farid, a digital forensics expert at the University of California-Berkeley (archived here), said he analyzed the image using three models trained to identify pictures created using artificial intelligence, all of which classified it as ""likely"" being AI-generated. He told AFP on November 19 that he compared the image with actual photographs of Netanyahu and found the left ear was different from that of the Israeli prime minister, indicating it is ""not authentic."" Siwei Lyu, director of the State University of New York at Buffalo's Media Forensic Lab (archived here), also ran the image through a program designed to detect deepfake images and found it is likely not authentic. He, too, noted differences in the shape of the prime minister's ear compared to the one seen in the posts.",No,No,Yes,No
7,7,AFP Factcheck,https://factcheck.afp.com/doc.afp.com.36MT424,Posts falsely claim Huthis declared ceasefire after Trump victory,2024-11-06,2024-11-18,Israeli-Palestinian conflict,FALSE,,"""Huthi spokesman: Our operations in international waters were defensive only and we announce their final cessation,"" says a November 6, 2024 X post in Arabic.","""Huthi spokesman: Our operations in international waters were defensive only and we announce their final cessation.""","The militant group has said it will not halt its military operations, which come in response to Israel's bombardment of the Gaza Strip. Huthi rebels have maintained their attacks in international waters since Trump won the 2024 US presidential election -- and the group's leader has confirmed the outcome will not change its military strategy.",Yes,No,No,No
8,8,AFP Factcheck,https://factcheck.afp.com/doc.afp.com.36L649D,Lebanon explosion falsely shared online as Israeli airstrikes in Iran,2024-10-26,2024-11-05,Israeli-Palestinian conflict,FALSE,https://resource.nationtv.tv/uploads/images/md/2024/10/NdXQgp0xHaLgoxhqfB8R.webp?x-image-process=style/lg-webp,"""Iranian military targets attacked,"" read the Thai-language caption alongside a photo of a huge explosion on Facebook on October 26, 2024. ""Israel launched several waves of revengeful attacks on Iran since this morning. Meanwhile, there were loud explosions in Syria too...""","""Iranian military targets attacked. Israel launched several waves of revengeful attacks on Iran since this morning. Meanwhile, there were loud explosions in Syria too..."" ","In reality, the image shows a different Israeli bombardment in Lebanon. Reverse image searches on Google found a corresponding image published by Lebanese photographer Nabil Ismail alongside ten other images on his Instagram post (archived link). On the night of October 6, the Israeli Defense Forces (IDF) issued warnings that specified their targets in Beirut’s southern suburb (archived link). Citing official Lebanese media, AFP reported that four Israeli strikes struck south Beirut on October 6, shortly after calls by Israel's army for residents to evacuate the Hezbollah stronghold which has been bombarded for several days (archived link). AFP reported on Israel's October 6 strike on Beirut, showing a different scene of the attack (archived link).
",No,Yes,No,No
9,9,AFP Factcheck,https://factcheck.afp.com/doc.afp.com.36L348E,"Photos show blaze at Iranian refinery in 2021, not impact of Israeli airstrikes",2024-10-26,2024-10-30,Israeli-Palestinian conflict,FALSE,https://www.xinghuozhiku.com/wp-content/uploads/2024/10/xinghuozhiku0-1729930019.jpeg,"""In the early hours of October 26, when the Middle East was still dark, Israel launched an unprecedented missile attack on Iran,"" read the text of a simplified Chinese article published on WeChat.","""In the early hours of October 26, when the Middle East was still dark, Israel launched an unprecedented missile attack on Iran."" ","A reverse image search and subsequent keyword searches on Google found the falsely shared photos were taken by AFP photographer Atta Kenare and Vahid Ahmadi, a photographer for Iran's Tasnim news agency, on June 2, 2021. Both photos are available in AFP's archives, and their captions state the images show a blaze that broke out at a refinery in southern Tehran.",No,Yes,No,No
10,10,AFP Factcheck,https://factcheck.afp.com/doc.afp.com.36KL83M,AI-generated images falsely claimed to show bombing near Beirut airport,2024-10-20,2024-10-25,Israeli-Palestinian conflict,FALSE,https://pbs.twimg.com/media/GaXV9qgWAAA3Pv3?format=jpg&name=large,"""A PHOTO FOR THE HISTORY BOOKS MEA airline landing in Beirut International Airport as Israeli rains fire on the airport,"" says an October 20 X post from Sulaiman Ahmed, a creator who has previously monetized misinformation about Israel's war with Hamas.","""A PHOTO FOR THE HISTORY BOOKS MEA airline landing in Beirut International Airport as Israeli rains fire on the airport."" ","A spokesperson for Middle East Airlines told AFP in an October 21 email that the images appear to be AI-generated and are ""far from reality."" A keyword search of public social media pages reveals the first handful of Instagram accounts that posted the pictures. They say the pictures were created using artificial intelligence and credit the profile south.to.north (archived here and here).",No,No,Yes,No
11,11,AFP Factcheck,https://factcheck.afp.com/doc.afp.com.36K38U9,Hezbollah strike did not kill IDF chief Herzi Halevi,2024-10-13,2024-10-15,Israeli-Palestinian conflict,FALSE,,"""BREAKING Initial reports confirm the assassination of Israeli Army Chief of Staff, Herzi Halevi,"" says an October 13, 2024 X post from Anastasia Maria Loupis, a Danish physician who has previously shared misinformation about the Israel-Hamas war.","""BREAKING Initial reports confirm the assassination of Israeli Army Chief of Staff, Herzi Halevi."" ","However, claims on social media that the chief of the Israeli Defense Forces (IDF) was killed in an October 13, 2024 attack on a military base are false; Herzi Halevi visited the base after the drone strike.",Yes,No,No,No
12,12,AFP Factcheck,https://factcheck.afp.com/doc.afp.com.36J32WX,"UN top court ruled 'illegal' Israel's occupation of Palestinian territory, not Israeli state",2024-09-04,2024-10-09,Israeli-Palestinian conflict,FALSE,,"""Breaking News: Israel has been declared an illegal state by the International Court of Justice,"" read a Malay-language post on Facebook on September 4, 2024. ""The court also ruled that Israel cannot be a sovereign state. At last, justice has prevailed.""","""Breaking News: Israel has been declared an illegal state by the International Court of Justice.""","The court had instead found Israel's decades-long occupation of Palestinian territory as unlawful and said it should come to an end ""as rapidly as possible"". The ICJ said Israel's continued occupation of Palestinian territories was against international law, in a nonbinding advisory opinion issued on July 19 on the request of the UN General Assembly. In June 1967, Israel crushed some of its Arab neighbours in a six-day war, seizing the West Bank and East Jerusalem, at the time annexed by Jordan, the Golan Heights from Syria, and the Gaza Strip and Sinai Peninsula from Egypt.",Yes,No,No,No
13,13,AFP Factcheck,https://factcheck.afp.com/doc.afp.com.36HV7P9,"Posts falsely claim to show attack on US forces in Baghdad

",2024-09-30,2024-10-03,Israeli-Palestinian conflict,FALSE,https://img9.irna.ir/d/r2/2024/10/01/4/171423049.jpg?ts=1727742501971,"""BREAKING: US military base comes under attack in Baghdad,"" says a September 30 X post from Sulaiman Ahmed, a creator who has monetized misinformation about Israel's war with Hamas.","""BREAKING: US military base comes under attack in Baghdad."" ","However, photos shared online do not show the strike -- they were taken years ago in the United States and the Gaza Strip and have repeatedly been used to spread misinformation. A reverse image search reveals the first picture -- a close-up view of an explosion near a building -- was taken in 2011 by photographer Tim Wynkoop for The Express-Times newspaper at a gas facility in the US state of New Jersey (archived here). ""A (sic) explosion tonight at Linde Electronics and Specialty Gas in Alpha sends a fireball into the night sky,"" the caption says. Wynkoop confirmed to AFP on October 1 that he snapped the photo in the town of Alpha, New Jersey near the Pennsylvania border. The Express-Times also said the photograph was one of its images and was taken April 26, 2011.",No,Yes,No,No
14,14,AFP Factcheck,https://factcheck.afp.com/doc.afp.com.36GX2LD,Photo of exploded toilet in Hong Kong falsely linked to Lebanon pager blasts,2024-09-19,2024-09-26,Israeli-Palestinian conflict,FALSE,https://cdn.i-scmp.com/sites/default/files/styles/1020x680/public/d8/images/methode/2020/01/28/7c82982e-418a-11ea-9fd9-ecfbb38a9743_image_hires_194429.jpeg?itok=OTi3iOLi&v=1580211876,"""The Lebanese Ministry of Health reported that 300 people were injured in radio explosions and nine others died,"" read an X post from September 19 written in traditional Chinese characters. ""Hezbollah operatives keep exploding across Lebanon and reporters saw militants frantically removing batteries from all radios and throwing them into trash cans and toilets.""","""The Lebanese Ministry of Health reported that 300 people were injured in radio explosions and nine others died."" ","Hong Kong toilet blast. A reverse image search on Google found the photo published by the South China Morning Post (SCMP) newspaper on January 28, 2020 (archived link). The photo is captioned: ""A suspected improvised explosive device destroyed a public toilet at the King George V Memorial Park on Jordan Road in West Kowloon on January 27"". A cleaner discovered the public toilet on fire at the park in Hong Kong's Jordan district. No injuries were reported, the SCMP said.",No,Yes,No,No
15,15,AFP Factcheck,https://factcheck.afp.com/doc.afp.com.367P9XU,No evidence Montreal mayor authorized pro-Palestinian traffic signs,2024-07-24,2024-08-06,Israeli-Palestinian conflict,UNPROVEN,https://i.cbc.ca/1.7274812.1721903270!/cpImage/httpImage/image.jpg_gen/derivatives/16x9_1180/mtl-pirated-signs-20240724.jpg?im=Resize%3D780,"""So the Mayor is using taxpayer dollars to incite another October 7,"" says a July 24, 2024 X post, referencing Hamas's attack on Israel. The post includes photos of traffic warning signs broadcasting the messages ""Globalize The Intifada"" and ""Free Palestine Escalate Now."" Different accounts shared the same photos on X, Facebook and Threads, claiming the mayor or city had signed off on messages that could incite violence in Quebec's largest city. ","""So the Mayor is using taxpayer dollars to incite another October 7.""","Some news headlines implied the boards were hacked, but Nuñez told AFP the locks on the signs were broken and the words were manually entered. A July 24 Instagram post from Clash MTL and Palestine Action Montreal describes how someone diverted road signs in Montreal to display messages ""in solidarity with Palestine."" The post, whose caption says ""anonymous submission,"" includes a video showing the same slogans as those in the claims circulating online.",No,Yes,No,No
16,16,AFP Factcheck,https://factcheck.afp.com/doc.afp.com.368W46C,"Israeli swimmers' tribute to Gaza hostages predates Olympics

",2024-07-27,2024-08-05,Israeli-Palestinian conflict,MISLEADING,"https://ynet-pic1.yit.co.il/cdn-cgi/image/f=auto,w=740,q=75/picserver5/crop_images/2023/11/19/Sk4M5SDET/Sk4M5SDET_18_11_1483_1933_0_x-large.jpg","""The Israeli Olympic team was not allowed to wear their yellow 'Bring Them Home' pins at the Olympic games so they decided to spell it out for the entire world to see it!"" says Rob Shuter, a UK gossip columnist, in a July 27, 2024 Facebook post with thousands of interactions.","""The Israeli Olympic team was not allowed to wear their yellow 'Bring Them Home' pins at the Olympic games so they decided to spell it out for the entire world to see it!"" ","While the picture shared online is real, it predates the Paris Olympics by eight months. A reverse image search reveals Israel's artistic swimming team posted the photo November 19, 2023 on Instagram (archived here). The caption says the picture was taken at the Wingate Institute, Israel's national sports training center outside Tel Aviv, and that it features 10 artistic swimmers. Among the athletes are Shelly Bobritsky and Ariel Nassee, who qualified for the 2024 Paris Olympics as part of the duet category (archived here and here). Israeli news outlets including the Arabic-language service of i24News reported on the team's photo in November 2023 (archived here and here). Israeli drone photographer Adam Spiegel posted the picture on Instagram the same day as the Israeli Artistic Swimming Team (archived here). Spiegel confirmed in a July 30 email that he took the original image, compiling several aerial shots of the swimmers into a composite collage. He said he was ""disappointed"" that social media users used his photo without credit and ""invented a fake news story.""",No,Yes,No,No
17,17,AFP Factcheck,https://factcheck.afp.com/doc.afp.com.36496K2,Old Huthi attack photo falsely portrayed as 'Maersk ship on fire in July 2024',2024-07-09,2024-07-18,Israeli-Palestinian conflict,FALSE,,"""Attack on a US-flagged vessel in the Gulf of Aden. A Spokesperson at Denmark's shipping company Maersk said: There was an attack targeted on one of the company's US-flagged vessels at the northernmost part of the Gulf of Aden,"" read the Thai-language caption to the picture shared on Facebook on July 9, 2024.","""Attack on a US-flagged vessel in the Gulf of Aden. A Spokesperson at Denmark's shipping company Maersk said: There was an attack targeted on one of the company's US-flagged vessels at the northernmost part of the Gulf of Aden."" ","But a combination of reverse image and keyword searches on Google found the picture earlier published on social media site X on the official account of the spokesperson for the Indian Navy (archived link). Its caption read in part: ""#IndianNavy's Guided missile destroyer, #INSVisakhapatnam, deployed in the #GulfofAden responded to a distress call from MV #MarlinLuanda on the night of #26Jan 24.""",Yes,No,No,No
18,18,Reuters,https://www.reuters.com/fact-check/photo-shows-trumps-hollywood-star-damaged-2018-not-gadots-2025-2025-03-28/,"Fact Check: Photo shows Trump’s Hollywood star damaged in 2018, not Gadot’s in 2025",2025-03-20,2025-03-28,"""Gaza Fact Check""",MISCAPTIONED,https://www.vice.com/wp-content/uploads/sites/2/2018/08/1534367591174-pickax.jpeg,"A post on Threads, opens new tab on March 20 shared a photo of a destroyed Hollywood star and said: “Gal Gadot’s star on the Hollywood Walk of Fame was destroyed just hours after being placed!”",“Gal Gadot’s star on the Hollywood Walk of Fame was destroyed just hours after being placed!”,"The image, however, was featured in multiple news reports about Trump’s star being vandalized in July 2018.",No,Yes,No,No
19,19,Reuters,https://www.reuters.com/fact-check/ai-image-puts-trump-netanyahu-musk-one-room-2025-02-14/,"Fact Check: Fake image puts Trump, Netanyahu and Musk in one room",2025-02-03,2025-02-21,"""Gaza Fact Check""",FALSE,https://pbs.twimg.com/media/Gi4oLqlWcAEn4r0?format=jpg&name=large,"“I love this picture of the big 3,” says the caption, of one of the social media posts sharing the image alongside emojis of the Israeli and U.S. flags.",“I love this picture of the big 3.”,"An image purporting to show President Donald Trump, Israeli Prime Minister Benjamin Netanyahu and billionaire Elon Musk posing together has been online since last year and was likely created by AI, experts say, contrary to social media posts sharing it as an authentic scene during Netanyahu’s February 2025 official visit to the U.S.",No,No,Yes,No
20,20,Reuters,https://www.reuters.com/fact-check/no-evidence-us-spent-50-million-condoms-gaza-2025-01-30/,Fact Check: No evidence US spent $50 million on condoms for Gaza,2025-01-28,2025-01-30,"""Gaza Fact Check""",NO EVIDENCE,,"Posts online, sharing a clip of Leavitt’s remarks said: “WILD: Karoline Leavitt EXPOSED that $50 MILLION in U.S. taxpayer money almost went to fund CONDOMS in Gaza before DOGE cut it.”",“WILD: Karoline Leavitt EXPOSED that $50 MILLION in U.S. taxpayer money almost went to fund CONDOMS in Gaza before DOGE cut it.”,Statements from the Trump administration saying it discovered a plan to send $50 million to fund condoms in Gaza have been denied by the humanitarian group named as the recipient and by a former U.S. official.,Yes,No,No,No
21,21,Reuters,https://www.reuters.com/fact-check/us-unrwa-funding-already-halted-2024-not-by-trump-2025-order-2025-01-28/,"Fact Check: US UNRWA funding already halted in 2024, not by Trump 2025 order",2025-01-20,2025-01-28,"""Gaza Fact Check""",MISLEADING,,Trump halts all funding to UNRWA,"""Trump halts all funding to UNRWA.""","But U.S. funding to UNRWA was already frozen, having been so since 2024. Former U.S. President Joe Biden, along with more than a dozen countries, stopped funding the agency in January 2024 after Israel accused 12 of its 13,000 employees of participating in the deadly Hamas attack on Israel on Oct. 7, 2023, which triggered the Gaza war.",Yes,No,No,No
22,22,Reuters,https://www.reuters.com/fact-check/mike-tyson-did-not-pose-with-palestinian-flag-ahead-jake-paul-bout-2024-12-02/,Fact Check: Mike Tyson did not pose with Palestinian flag ahead of Jake Paul bout,2024-11-14,2024-12-02,"""Gaza Fact Check""",FALSE,https://scontent-hou1-1.xx.fbcdn.net/v/t39.30808-6/489387455_1113894850752436_9133732093621443899_n.jpg?_nc_cat=102&ccb=1-7&_nc_sid=833d8c&_nc_ohc=lJKY8MLdZEwQ7kNvwEYO_JG&_nc_oc=Adn4S7H4zJNlAlzc2arJ6AVvXj0oznCdH74deF2wNsfc4IbWhNxyusJPemo86bbuIKQ&_nc_zt=23&_nc_ht=scontent-hou1-1.xx&_nc_gid=Gdwx-2UZKYc_lLAsF8xybQ&oh=00_AfETd2TuZog7IC59cl96lYnotjhiK8zMZq-jFXHvPETLHg&oe=681E8DB1,"Social media posts, featured a photo of the 58-year-old former heavyweight champion, purportedly in the ring for his Nov. 15 fight with Jake Paul, wearing the Palestinian flag draped on his shoulders and captioned: ""Mike Tyson poses with the Palestinian flag before his historic fight.""","""Mike Tyson poses with the Palestinian flag before his historic fight.""","However, a spokesperson for Tyson said in an email that the posts suggesting Tyson displayed a Palestinian flag before the Nov. 15 fight at AT&T Stadium in Arlington, Texas fight were false.
Reuters reviewed the live stream of the Netflix-hosted event and found no images of Tyson displaying the flag.
A Netflix spokesperson also said the images are fake, and declined to comment further.
Among the signs the image was probably AI-generated are the changed position of Tyson’s face tattoo, incoherent text on the shorts and the missing chest tattoo, deepfake experts Siwei Lyu at the State University of New York at Buffalo and Shahroz Tariq at the Commonwealth Scientific and Industrial Research Organisation told Reuters.",No,No,Yes,No
23,23,Reuters,https://www.reuters.com/fact-check/guardian-headline-gaza-becoming-city-rivalling-bradford-is-fake-2024-11-27/,"Fact Check: Guardian headline on Gaza becoming a city rivalling Bradford is fake 
",2024-11-23,2024-11-27,"""Gaza Fact Check""",FALSE,,"Shared on Facebook, the screenshot mimics the layout and style of an opinion column in The Guardian newspaper. The headline reads: “Gaza will rise from the ashes to become a city of the future to rival Bradford.”",“Gaza will rise from the ashes to become a city of the future to rival Bradford.”,"A spokesperson for The Guardian said in an email to Reuters that neither the article nor the headline was ever published by the newspaper.
Begum’s spokesperson said in a separate email that the screenshot is not authentic “but a false slur”.
No such headline could be found on The Guardian’s website, opens new tab and a list of contributors, opens new tab on The Guardian’s website does not feature Begum’s name.",Yes,No,No,No
24,24,Reuters,https://www.reuters.com/fact-check/unrwa-added-black-ribbon-its-logo-2023-not-after-sinwars-death-2024-10-24/,"Fact Check: UNRWA added black ribbon to its logo in 2023, not after Sinwar’s death",2024-10-18,2024-10-24,"""Gaza Fact Check""",MISLEADING,https://pbs.twimg.com/media/GaIg1KHXUAA4Pl9?format=jpg&name=medium,"Social media accounts shared, a photo of the United Nations Relief and Works Agency for Palestinian Refugees (UNRWA) logo with the black ribbon, on Oct. 18, 2024. One user said, “UNRWA has placed a black band over its profile photo in mourning for the death of the ‘Butcher of Khan Younis’ Yahya Sinwar. They’re not even trying to hide their affiliation with Hamas anymore.”","""UNRWA has placed a black band over its profile photo in mourning for the death of the 'Butcher of Khan Younis' Yahya Sinwar.""",Misleading. The black ribbon on the UNRWA logo predates Sinwar's death. It was added to the profile picture in October 2023 in solidarity with the relief agency's workers killed in Gaza.,No,Yes,No,No
25,25,Reuters,https://www.reuters.com/fact-check/fabricated-report-says-starmer-announced-uk-israel-boycott-2024-10-14/,Fact Check: Fabricated report says Starmer announced UK Israel boycott,2024-10-06,2024-10-14,"""Gaza Fact Check""",FALSE,,"Social media accounts published identical text, on Oct. 6: “BREAKING NEWS UK PM… keir Starmer says that UK will boycott all diplomatic relations with Israel due to its long lasting war in Gaza.”",“BREAKING NEWS UK PM… keir Starmer says that UK will boycott all diplomatic relations with Israel due to its long lasting war in Gaza.”,There were no credible reports of Starmer saying the UK would cease relations with Israel by Oct. 14.,Yes,No,No,No
26,26,Reuters,https://www.reuters.com/fact-check/jd-vances-x-profile-did-not-display-pro-israel-message-2024-07-24/,Fact Check: J.D. Vance’s X profile did not display pro-Israel message,2024-07-17,2024-07-24,"""Gaza Fact Check""",ALTERED,https://pbs.twimg.com/media/GSp95vsXMAAo3WB?format=jpg&name=large,"A Facebook post, sharing the fabricated screenshot added the comment, “ANOTHER AMERICA LAST Politician” and quoted the original X post’s remark: “They don't even hide it. Vance has already updated his profile to align with his objectives.”",“They don't even hide it. Vance has already updated his profile to align with his objectives.”,"That remark and the fake screenshot were originally shared by a satirical account called “Decentralise Party,” whose account bio, states: “Satirical political party aiming to develop a parallel economy by rejecting the social contract. Some satirical articles and posts about conspiracy theories.”",No,No,No,Yes
27,27,Reuters,https://www.reuters.com/fact-check/photo-shows-paris-protesters-2014-not-after-2024-election-2024-07-05/,"Fact Check: Photo shows Paris protesters in 2014, not after 2024 election",2024-07-01,2024-07-05,"""Gaza Fact Check""",MISCAPTIONED,https://pbs.twimg.com/media/GRZQrraWcAAaBg4?format=jpg&name=medium,"The photograph was shared on social media, in July 2024 with the text: “This is a picture of the ‘French’ Left who is rioting against Le Pen’s victory in France. What do you notice?” The photograph shows multiple men who have gathered, some wearing keffiyehs, and a swastika on a wall.",“This is a picture of the ‘French’ Left who is rioting against Le Pen’s victory in France. What do you notice?”,"A photo showing pro-Palestinian protesters in 2014 next to a swastika symbol at the Place de la Republique in Paris, France, has been misrepresented online as showing rioting following the first round of French parliamentary elections in 2024.",No,Yes,No,No
28,28,Reuters,https://www.reuters.com/fact-check/israeli-ambassador-ethiopia-remains-post-says-israel-foreign-ministry-2025-04-22/,"Fact Check: Israeli ambassador to Ethiopia remains in post, says Israel foreign ministry",2025-04-07,2025-04-22,"""Israel Fact Check""",MISLEADING,,"“Ethiopia has just expelled Israel's ambassador. Well done Ethiopia,” said an April 7 X post, viewed more than 300,000 times and shared to Facebook.","“Ethiopia has just expelled Israel's ambassador.""","But Israel’s ambassador to Ethiopia, Avraham Neguise, remains in his role as of the time of writing, an Israeli foreign ministry spokesperson told Reuters.",Yes,No,No,No
29,29,Reuters,https://www.reuters.com/fact-check/world-jewish-congress-did-not-amend-antisemitism-definition-2025-03-26/,Fact Check: World Jewish Congress did not amend antisemitism definition,2025-03-21,2025-03-26,"""Israel Fact Check""",FALSE,,"The World Jewish Congress (WJC) has amended the International Holocaust Remembrance Alliance (IHRA) working definition of antisemitism to include; “Conflating the assassination of JFK to jews/israel.” It is now antisemitic to say Israel shot JFK.

“Amendment to the IHRA working definition of antisemitism to include: Conflating the assassination of JFK with Jews and/or Israel.”","""The World Jewish Congress (WJC) has amended the International Holocaust Remembrance Alliance (IHRA) working definition of antisemitism to include; 'Conflating the assassination of JFK to jews/israel'.”","The World Jewish Congress (WJC) did not amend an international definition of antisemitism to include reference to the assassination of former U.S. President John F. Kennedy, contrary to a fabricated screenshot of the WJC’s website shared online.",Yes,No,No,No
30,30,Reuters,https://www.reuters.com/fact-check/headline-hamas-protecting-bibas-family-is-fake-not-bbc-2025-02-28/,"Fact Check: Headline on Hamas 'protecting' Bibas family is fake, not BBC",2025-02-23,2025-02-28,"""Israel Fact Check""",FALSE,https://scontent-hou1-1.xx.fbcdn.net/v/t39.30808-6/493524900_1584488289133073_3353003646308446607_n.jpg?stp=dst-jpg_s1080x2048_tt6&_nc_cat=105&ccb=1-7&_nc_sid=127cfc&_nc_ohc=pI7JzIvkw5gQ7kNvwE3fQQ5&_nc_oc=Adkok-_0cwov-cfWLbsTrs22mg0Z7Kv50FO3Vjb8gsD_wNjP_dl_iw0TvsUdMLS0UPQ&_nc_zt=23&_nc_ht=scontent-hou1-1.xx&_nc_gid=uWJddw6l-YTVa0dTdff00A&oh=00_AfFFuCZFCXy9wnBg4BXQlW0k0vdO_S3DwWMhx7klCq3Q-Q&oe=681E89B2,"In mid-February, an image, using BBC News branding and mimicking a screenshot of a headline on the mobile version of the BBC website was shared on social media. The headline reads: “Hamas just wanted to protect the Bibas family but Israel killed them - Hamas said.”",“Hamas just wanted to protect the Bibas family but Israel killed them - Hamas said.”,"A BBC spokesperson said in an email that the screenshot does not show a genuine headline published by the outlet.No such headline can be found on the https://www.bbc.com/.
",No,No,No,Yes
31,31,Reuters,https://www.reuters.com/fact-check/image-bono-bob-geldof-holding-israeli-flag-is-ai-generated-2024-12-24/,Fact Check: Image of Bono and Bob Geldof holding Israeli flag is AI-generated,2024-12-17,2024-12-27,"""Israel Fact Check""",SYNTHETIC MEDIA,https://scontent-hou1-1.xx.fbcdn.net/v/t39.30808-6/485153516_1190776409432427_310264437439822627_n.jpg?_nc_cat=103&ccb=1-7&_nc_sid=127cfc&_nc_ohc=ABSWpQdE60IQ7kNvwFDv2Ms&_nc_oc=AdkXsfnxZNlxvM4GOiDhUjU6S_CuVW7NsFx0J-V0kAJE6zyOkHWFwihvHPErIAal3OQ&_nc_zt=23&_nc_ht=scontent-hou1-1.xx&_nc_gid=X8svOnj9a51seQn_gEysVw&oh=00_AfH6AAJGLPmpNvNyPLvf9Yw2dQYeRlM18yKgtBDdXDQdTg&oe=681E7671,"The image was shared on social media, on Dec. 17 with the caption: “Make songs about fighting against apartheid.. then openly support apartheid.” It refers to Geldof and Bono’s collaboration, with numerous other artists in the 1980s on an album, calling out apartheid in South Africa. The image was originally posted, on X by an account called Dr Harold News with the caption: “BREAKING: Bono and Bob Geldof stage two-man vigil outside Israeli Embassy in Dublin.”
",“Make songs about fighting against apartheid.. then openly support apartheid. BREAKING: Bono and Bob Geldof stage two-man vigil outside Israeli Embassy in Dublin.”,An image made with artificial intelligence showing Irish musicians Bono and Bob Geldof holding the Israeli flag has been shared online as authentic. Dr Harold News said in a Facebook message to Reuters that the image was created using Grok AI.,No,No,Yes,No
32,32,Reuters,https://www.reuters.com/fact-check/false-rumor-said-israeli-air-force-chief-killed-after-hezbollah-truce-2024-12-05/,Fact Check: False rumor said Israeli Air Force chief killed after Hezbollah-truce announcement,2024-11-28,2024-12-05,"""Israel Fact Check""",FALSE,,"One of the social media posts, sharing the false narrative on Nov. 28 reads: “Best news of the week. Commander of the Israeli Air Force, Major General Tomer Bar has been killed by Hеzbollаh in Tel Aviv. Israel doesn't want you to know about this.”","Commander of the Israeli Air Force, Major General Tomer Bar has been killed by Hеzbollаh in Tel Aviv. Israel doesn't want you to know about this.”","A false rumor that Israeli Air Force chief Tomer Bar was killed by Hezbollah in a Nov. 18 drone attack on his residence was shared on social media after Israel and Hezbollah accepted a ceasefire agreement brokered by the U.S. and France on Nov. 26.
There is no evidence of Bar’s death on the 18th, however, and he has since appeared in visuals at an Israel Defense Forces (IDF) graduation ceremony on Nov. 27 and alongside Israeli Defense Minister Israel Katz in a Dec. 4 visit to an air force base in central Israel.",Yes,No,No,No
33,33,Reuters,https://www.reuters.com/fact-check/jewish-americans-not-charged-alleged-iran-linked-assassination-plot-2024-11-12/,Fact Check: Jewish Americans not charged in alleged Iran-linked assassination plot,2024-11-09,2024-11-12,"""Israel Fact Check""",FALSE,,"A Nov. 9 Facebook post, said: “That ‘Iranian assassination plot’ was orchestrated by two Jewish Americans. Again, Israel wants war with Iran but wants American money to fund it and American servicemen to fight it.”","“That ‘Iranian assassination plot’ was orchestrated by two Jewish Americans. Again, Israel wants war with Iran but wants American money to fund it and American servicemen to fight it.”","A TV news report saying two Jewish Americans and an Iranian activist were also targets in an alleged plot by Iran to assassinate then presidential candidate Donald Trump has been shared online with false captions saying instead that two Jewish Americans were charged in the conspiracy. However, the post contained a screenshot of an article, on the website of local ABC News affiliate ABC7 Eyewitness News about the charges, which said two Jewish Americans were among the targets of the plot, not that they were part of it.",Yes,No,No,No
34,34,Reuters,https://www.reuters.com/fact-check/image-shows-2021-tehran-refinery-explosion-not-2024-airstrikes-2024-10-31/,"Fact Check: Image shows 2021 Tehran refinery explosion, not 2024 airstrikes",2024-10-26,2024-10-31,"""Israel Fact Check""",MISCAPTIONED,https://c12mediaforum.afp.com/CacheServer/Cache.svc/g?hid=3CD0079965D664F71ACCB09651E25BDC4150538783EBD5AD9A5306A6BA9BF4C4,"An image showing fire and billowing smoke at a Tehran refinery in 2021 has been falsely described online as depicting a bombing in Iran’s capital in October 2024. “Tehran bombing,” an Instagram post, captioned the image on Oct. 26, using the hashtags: “tehran #iran #iranian #israel.”",“Tehran bombing.”,"The photo dates to June 2, 2021, when it was captured by an AFP photographer. According to AFP's website, it shows “smoke billowing from the site of a refinery fire in the Iranian capital Tehran.” Reuters also reported on the fire on June 2, 2021, citing Iranian state media and the semi-official Tasnim news agency.",No,Yes,No,No
35,35,Reuters,https://www.reuters.com/fact-check/image-does-not-show-hezbollah-leader-nasrallahs-damaged-ring-2024-10-03/,Fact Check: Image does not show Hezbollah leader Nasrallah’s damaged ring,2024-09-28,2024-10-08,"""Israel Fact Check""",MISCAPTIONED,https://pbs.twimg.com/media/GDGJ83DWEAApIQp?format=jpg&name=large,"After Nasrallah’s death, an image showing a damaged ring, a fragment of another piece of jewelry and a small piece of paper was posted on social media.

Another post said, “The New York Times: Hezbollah members found the body of military commander Ali Karaki next to Nasrallah's body. Image: Remains of Nasrallah’s ring were found.”",“The New York Times: Hezbollah members found the body of military commander Ali Karaki next to Nasrallah's body. Image: Remains of Nasrallah’s ring were found.”,"An image of a damaged ring first shared in January and described as showing remains from an attack that killed a militant leader in Iraq has been falsely captioned online as a ring belonging to Hezbollah leader Sayyed Hassan Nasrallah, who was killed in Lebanon in September. However, the same image was shared online in January, described as “what remains” of Abu Taqwa, a militant leader in Iraq. A press release, from the U.S. Department of Defense states that the leader of Iran-backed Harakat al-Nujaba, Mushtaq Jawad Kazim al-Jawari, also known as Abu Taqwa, was killed in a self-defense strike conducted by U.S. forces in Iraq on Jan. 4. News outlets, also reported, at the time that the movement had released a statement about Taqwa’s killing.",No,Yes,No,No
36,36,Reuters,https://www.reuters.com/fact-check/israels-defence-minister-was-not-killed-iran-attack-contrary-social-media-claims-2024-10-02/,"Fact Check: Israel’s defence minister was not killed in Iran attack, contrary to social media claims",2024-10-01,2024-10-02,"""Israel Fact Check""",FALSE,,"Gallant, a retired military general and a member of Prime Minister Benjamin Netanyahu’s war cabinet, was killed in the barrage.","""Gallant, a retired military general and a member of Prime Minister Benjamin Netanyahu’s war cabinet, was killed in the barrage.""","However, a spokesperson for Gallant said in an email to Reuters that the claims were untrue.",Yes,No,No,No
37,37,Reuters,https://www.reuters.com/fact-check/image-does-not-show-majdal-shams-attack-victim-2024-08-07/,"Fact Check: Image does not show Majdal Shams attack victim
",2024-07-27,2024-08-07,"""Israel Fact Check""",MISCAPTIONED,https://pbs.twimg.com/media/GTiPC62aYAA6xqc?format=jpg&name=medium,"The youngest victim of the Hezbollah rocket that murdered 12 children playing soccer in Israel today. (Posted on Jul 28, 2024)","""The youngest victim of the Hezbollah rocket that murdered 12 children playing soccer in Israel today.""","A photograph showing an American child was falsely shared as an image of one of the victims of an airstrike on a football field in the Golan Heights. However, the photograph does not show a victim of the July 27 attack. The photograph was posted on Instagram, on May 10, 2023, by a U.S.-based user, Rachel Ghirarda. Other posts from the account indicate that the photograph shows her daughter, Julia. Ghirarda addressed her daughter being misidentified as one of the victims in a July 30 Facebook post. Ghirarda told Reuters via Instagram that the image shared online showed her daughter.",No,Yes,No,No
38,38,Reuters,https://www.reuters.com/fact-check/photo-damaged-building-predates-killing-hamas-chief-ismail-haniyeh-2024-08-06/,Fact Check: Photo of damaged building predates killing of Hamas chief Ismail Haniyeh,2024-07-31,2024-08-06,"""Israel Fact Check""",MISCAPTIONED,https://pbs.twimg.com/media/FZAj82MXgAE5Phi?format=jpg&name=medium,"The caption of one of the posts sharing the photo reads, in part: “This is how a precision strike looks like: a single missile through the window, and only Haniyeh and his bodyguard are dead. Nobody else in the building is even injured.”","“This is how a precision strike looks like: a single missile through the window, and only Haniyeh and his bodyguard are dead. Nobody else in the building is even injured.”","A photo showing a multi-story building with a damaged window was published in 2022 and does not show the site of the July 31 assassination of Hamas leader Ismail Haniyeh, contrary to posts on social media. The image was shared online after Haniyeh was assassinated in the Iranian capital Tehran early on Wednesday, hours after he attended a swearing-in ceremony for Iran’s new president. Iran and Hamas have accused Israel of launching the strike that killed Haniyeh. The photo was published online two years before the killing of Haniyeh, however. One of the earliest iterations was posted, on X on July 31, 2 022, by Afghan journalist Bilal Sarwary alongside another image that shows the same building with a person’s h and pointing at it. Reuters has not independently verified the original source or location of the image. However, it was described by CNN, as showing the house where al Qaeda leader Ayman al-Zawahiri was killed in Kabul, Afghanistan, in 2022.",No,Yes,No,No
39,39,Reuters,https://www.reuters.com/fact-check/image-does-not-show-chinas-2024-olympic-outfit-inspired-by-palestinian-flag-2024-07-30/,Fact Check: Image does not show China's 2024 Olympic outfit inspired by Palestinian flag,2024-07-20,2024-07-30,"""Israel Fact Check""",MISCAPTIONED,https://scontent-hou1-1.xx.fbcdn.net/v/t39.30808-6/452050847_10159793580437204_808697575281651610_n.jpg?_nc_cat=105&ccb=1-7&_nc_sid=833d8c&_nc_ohc=eiScI5RgFg8Q7kNvwFYYoTi&_nc_oc=AdlGOJfvoqQtmIMGmpIS0vCrWGC_tm1UvQPgtQLx1tAAp7ef095_lv4Fvu-SV9IS4I0&_nc_zt=23&_nc_ht=scontent-hou1-1.xx&_nc_gid=aslN_KxK_8fpSQrkL7rvzw&oh=00_AfH57_scij9I8oC_kTALKlskrHyu1aTSWu6-8uG6DNVB2w&oe=681E823A,"Social media posts, shared the image of a model wearing a green-and-black outfit and holding a bow and arrow with red fabric unfurling behind her from the bow. The posts misrepresented the image with captions such as “China has chosen a design of the Palestinian flag for the Paris 2024 Olympics.”",“China has chosen a design of the Palestinian flag for the Paris 2024 Olympics.”,"However, the image can be traced to a photo shoot, of Chinese supermodel He Cong by Vogue China for its September 2023 edition. The spread was dedicated to the 2022 Asian Games in Hangzhou, which were delayed by a year due to China’s zero-COVID policy and held in September 2023 instead. The color scheme in the fashion image shared in the posts is similar to the Palestinian flag, which incorporates the colors red, green, black and white. But it does not match China’s official Olympic team colors.",No,Yes,No,No
40,40,Snopes,https://www.snopes.com/fact-check/columbia-university-expelled-student-anti-nazi-demonstration/,"Yes, Columbia University expelled student for leading anti-Nazi demonstration in 1936",2025-03-15,2025-03-16,"""Gaza""",TRUE,,"In June 1936, Columbia University expelled student activist Robert Burke for leading an anti-Nazi demonstration.","""In June 1936, Columbia University expelled student activist Robert Burke for leading an anti-Nazi demonstration.""","In 1936, Columbia University expelled Robert Burke, a student who led anti-Nazi demonstrations on campus that year. His appeal to be reinstated was denied. We found numerous articles and pamphlets from that time detailing his expulsion. As such, we rate this claim as true.",Yes,No,No,No
41,41,Snopes,https://www.snopes.com/fact-check/ice-arrested-deported-mahmoud-khalil/,"Yes, ICE arrested Palestinian activist Mahmoud Khalil, a lawful permanent resident of US",2025-03-09,2025-03-11,"""Gaza""",TRUE,,"In March 2025, U.S. Immigration and Customs Enforcement (ICE) agents arrested and detained Palestinian activist Mahmoud Khalil, a lawful permanent resident of the U.S.","""In March 2025, U.S. Immigration and Customs Enforcement (ICE) agents arrested and detained Palestinian activist Mahmoud Khalil, a lawful permanent resident of the U.S.""","Snopes readers contacted us asking if the story was true — if ICE agents had arrested and detained Khalil. They had. On March 10, Trump posted to his social media platform Truth Social announcing that ICE had arrested and detained Khalil, whom he called a ""Radical Foreign Pro-Hamas Student."" Trump's post said Khalil's arrest was the ""first of many to come"" and that he expected ""every one of America's Colleges and Universities to comply"" with ICE's actions. Secretary of State Marco Rubio said in an X post the day after Khalid was arrested that the department would revoke visas and green cards for ""Hamas supporters,"" and a separate X post from the official Department of Homeland Security account claimed that ""Khalil led activities aligned to Hamas, a designated terrorist organization."" On March 9, Khalil's lawyers filed a petition alleging that his detainment was illegal on the grounds that lawful permanent residents are protected by the First Amendment right to free speech and the Fifth Amendment right to due process.",Yes,No,No,No
42,42,Snopes,https://www.snopes.com/fact-check/trump-hell-israel-hostages/,Trump Said 'All Hell Will Break Out' If Israeli Hostages Aren't Returned By Inauguration,2025-01-14,2025-01-15,"""Gaza""",Correct Attribution,,"U.S. President-elect Donald Trump said that if Israeli hostages held by Hamas ""are not back by the time I get into office, all hell will break out in the Middle East.”","""U.S. President-elect Donald Trump said that if Israeli hostages held by Hamas 'are not back by the time I get into office, all hell will break out in the Middle East'.”","Trump did indeed say the above words, speaking at a news conference at Mar-a-Lago in Florida on Jan. 7, 2025. As such, we rate this claim a correct attribution. Trump made the comment in response to a journalist asking about the state of negotiations between Israel and Hamas. He was joined by Steve Witkoff, his pick to serve as the special envoy to the Middle East, who said negotiators were ""making a lot of progress"" and ""hopefully it will all work out and we'll save some lives."" Witkoff also credited Trump's ""stature"" as driving the negotiation. A journalist then asked Trump and Witkoff to clarify past remarks about how ""all hell must be paid"" if Hamas did not release the hostages, to which Trump said, while briefly addressing Witkoff: 'I don't want to hurt your negotiations, [but] if [the hostages] are not back by the time I get into office, all hell will break out in the Middle East. And it will not be good for Hamas, and it will not be good, frankly, for anyone. All hell will break out. I don't have to say anymore, but that's what it is.'",Yes,No,No,No
43,43,Snopes,https://www.snopes.com/fact-check/anthony-bourdain-palestine/,Misleading Posts Attribute 'Courage Is Made in Palestine' Quote to Anthony Bourdain,2024-11-25,2024-12-02,"""Gaza""",Incorrect Attribution,,"Anthony Bourdain once said, ""Today, nearly everything is made in China. Except for courage. Courage is made in Palestine.”","""Anthony Bourdain once said, 'Today, nearly everything is made in China. Except for courage. Courage is made in Palestine.'""","Prior to his death in June 2018, there's no record of Bourdain ever making this exact statement. However, he did talk publicly about Israel and Gaza, including comments specifically about Palestinians. While it's entirely possible that Bourdain might have agreed with the message, we have so far been unable to find any credible record of him making that exact statement.",Yes,No,No,No
44,44,Snopes,https://www.snopes.com/fact-check/biden-war-palestine-book/,Real Picture of Biden Carrying Rashid Khalidi's Book 'The Hundred Years' War on Palestine'?,2024-11-30,2024-12-02,"""Gaza""",TRUE,https://mediaproxy.snopes.com/width/1200/https://media.snopes.com/2024/12/biden_book_2.jpg,"A photograph authentically shows U.S. President Joe Biden exiting a Nantucket bookstore holding a copy of writer Rashid Khalidi's book, ""The Hundred Years' War on Palestine: A History of Settler Colonialism and Resistance, 1917–2017.""","""A photograph authentically shows U.S. President Joe Biden exiting a Nantucket bookstore holding a copy of writer Rashid Khalidi's book, 'The Hundred Years' War on Palestine: A History of Settler Colonialism and Resistance, 1917–2017.'""","
The above image is real, and does show Biden holding the book in question while leaving the Nantucket Bookworks store in Massachusetts. The photograph was taken Nov. 29, 2024, when numerous photos of Biden were taken during the Thanksgiving holiday weekend. As such, we rate this claim as true.",No,Yes,No,No
45,45,Snopes,https://www.snopes.com/fact-check/israel-greta-thunberg-sign/,Greta Thunberg Was Photographed Holding 'F*** Israel' Sign?,2024-11-11,2024-11-14,"""Gaza""",FAKE,https://mediaproxy.snopes.com/width/1200/https://media.snopes.com/2024/11/greta_isreal_sign_featured.png,"A photograph shared to social media in November 2024 authentically showed Greta Thunberg holding a sign reading, ""F*** Israel.”","""A photograph shared to social media in November 2024 authentically showed Greta Thunberg holding a sign reading, 'F*** Israel.'""","However, others pointed out discrepancies in the image and suggested it was digitally edited or created with the use of artificial intelligence software. They were correct. The image was a cropped and manipulated version of a real photo of Thunberg holding a sign reading, ""Stand With Gaza."" We have labeled the in-question image fake. We reached out to the author of the X post above to ask if they digitally created the image — or, if not, if they could share where they found it. We will update this report if we receive a response. Thunberg shared the original, unaltered photo on Oct. 20, 2023. The post's caption expressed solidarity with the Palestinian territories and called for an immediate ceasefire.",No,No,No,Yes
46,46,Snopes,https://www.snopes.com/fact-check/u2-bob-geldof-israeli-army/,U2 and Bob Geldof Doing Multi-Stadium Tour to Support Israeli Army?,2024-11-04,2024-11-06,"""Gaza""",Originated as Satire,,"In November 2024, rock band U2 and singer Bob Geldof announced a multi-stadium tour to aid the Israeli army.","""In November 2024, rock band U2 and singer Bob Geldof announced a multi-stadium tour to aid the Israeli army.""","There is no evidence that U2 and Geldof have planned or announced a multi-stadium tour to support the IDF. The unfounded claim originated from a social media account that was satirical in nature. However, a number of posts reshared the claim, assuming it to be real, and calling for a boycott of U2 and Geldof. One post stated, ""Boycott Zionist rock stars like Bob Geldof, Nick Cave & The Bad Seeds, Radiohead, and U2. They're all shite these days, anyway."" The claim first appeared on Nov. 4, 2024, on an X account titled, ""The Real Irish Times."" The account bio states: ""Political Satire & Parody. Exposing the hypocrisy of the Irish media and those in positions of power & influence.""",Yes,No,No,No
47,47,Snopes,https://www.snopes.com/fact-check/jetblue-map-israel-palestine/,JetBlue's In-Flight Map Showed 'Palestinian Territories' Label Over Israel?,2024-09-05,2024-09-13,"""Gaza""",TRUE,https://mediaproxy.snopes.com/width/1200/https://media.snopes.com/2024/09/jetblue_inflight_map_1.png,"""On JetBlue Airlines' in-flight mapping system, Israel's borders were inaccurate and the area was shown under the label 'Palestinian Territories.'”","""On JetBlue Airlines' in-flight mapping system, Israel's borders were inaccurate and the area was shown under the label 'Palestinian Territories.'”","The reports of the mislabeled in-flight map were true, and as a result of the viral nature of the claim, JetBlue issued a public apology.",No,Yes,No,No
48,48,Snopes,https://www.snopes.com/fact-check/trump-netanyahu-ceasefire-harris/,Trump Denies Telling Netanyahu to Stop Gaza Ceasefire Deal As It Would Help Harris Campaign,2024-08-20,2024-08-22,"""Gaza""",UNPROVEN,,"In a phone call with Benjamin Netanyahu, Donald Trump told the Israeli prime minister to stop a Gaza ceasefire deal because it would help Vice President Kamala Harris' 2024 presidential campaign.","""In a phone call with Benjamin Netanyahu, Donald Trump told the Israeli prime minister to stop a Gaza ceasefire deal because it would help Vice President Kamala Harris' 2024 presidential campaign.""","In statements to Snopes, Trump's office denied that such a phone call even took place, while Netanyahu's team said the story was not true. Woodruff also corrected herself in the aftermath, and said her comments were a ""mistake."" There was also no independent verification about the topics discussed on the purported phone call, as reported by Axios, who added an editor's note to their article, which read: ""This story has been updated to reflect that Netanyahu's office denied a phone call took place on Wednesday between the Israeli prime minister and former President Trump.” Though Trump and Netanyahu denied the claim, and Woodruff issued a correction, Axios still cited two unnamed sources who said the call took place. Given Snopes was unable to track down these unknown sources to verify the claim, we have rated this claim ""Unproven.”",Yes,No,No,No
49,49,Snopes,https://www.snopes.com/fact-check/kamala-harris-support-israel/,"Kamala Harris Said, 'Our Support for Israel Will Continue'?",2024-07-22,2024-07-25,"""Gaza""",FALSE,,"On July 22, 2024, Vice President Kamala Harris said, ""Our support for Israel will continue"" amid Israeli Prime Minister Benjamin Netanyahu’s visit to the United States.","""On July 22, 2024, Vice President Kamala Harris said, 'Our support for Israel will continue' amid Israeli Prime Minister Benjamin Netanyahu’s visit to the United States.""","While Harris did not use the above words, she has continuously supported Israel amid its assault on Gaza. Recently she called for a temporary cease-fire, becoming the first person in the Biden administration to do so, and for more humanitarian aid to enter Gaza.",Yes,No,No,No
50,50,Snopes,https://www.snopes.com/fact-check/israel-dna-test-illegal/,DNA Tests in Israel Are Illegal?,2024-08-21,2024-09-16,"""Israel""",FALSE,,It is illegal to do a DNA test in Israel.,"""It is illegal to do a DNA test in Israel.""","While genetic testing is not outright illegal in Israel, there are significant legal restrictions that limit access to DNA tests.

",Yes,No,No,No
51,51,Snopes,https://www.snopes.com/fact-check/james-baldwin-on-israel/,"James Baldwin Said Israel Was Created for Salvation of Western Interests, Not Salvation of Jews?",2024-08-28,2024-09-08,"""Israel""",Correct Attribution,,"American writer James Baldwin once said: ""The state of Israel was not created for the salvation of the Jews; it was created for the salvation of the Western interests.""","""American writer James Baldwin once said: 'The state of Israel was not created for the salvation of the Jews; it was created for the salvation of the Western interests.'""","In 1979, while the writer was living in New York City, he penned an open letter to The Nation – a self-described progressive magazine in publication since being founded by abolitionists in 1865 – titled ""Open Letter to the Born Again."" In his letter, he provided the quote verbatim. Therefore, because the quotation was correctly attributed to Baldwin and could be read in The Nation, we rated this claim ""Correct Attribution.""",Yes,No,No,No
52,52,Politifact,https://www.politifact.com/factchecks/2024/dec/06/instagram-posts/has-gazas-population-grown-2-since-oct-7-2023-no-t/,"“The population in Gaza has increased by 2.02% since Oct. 7, 2023.”",2024-12-05,2024-12-06,"""Israel""",FALSE,,"“The population in Gaza has increased by 2.02% since Oct. 7, 2023.”","“The population in Gaza has increased by 2.02% since Oct. 7, 2023.”","
The CIA’s World Factbook says its population data is from the U.S. Census Bureau. A Census Bureau spokesperson told PolitiFact that if the World Factbook used census data for population growth rates, the data would come from the international population estimates and projections released in August 2023, before Hamas attacked Israel on Oct. 7, 2023. The United Nations reported in July that Gaza’s current population decreased by 200,000 from the region’s projected 2024 population. Gaza’s health ministry said 40,000 Palestinians have been killed in Gaza.",Yes,No,No,No
53,53,Politifact,https://www.politifact.com/factchecks/2024/oct/15/instagram-posts/trump-urged-revenge-against-iran-not-israel-in-res/,"Says former President Donald Trump posted on Truth Social, “I hope that America obliterates Israel.”",2024-10-13,2024-10-15,"""Israel""",FALSE,,"Says former President Donald Trump posted on Truth Social, “I hope that America obliterates Israel.”","""President Donald Trump posted on Truth Social, 'I hope that America obliterates Israel.'""","Trump urged revenge against Iran, not Israel, in response to a potential assassination scenario.",Yes,No,No,No
54,54,Politifact,https://www.politifact.com/factchecks/2024/oct/09/threads-posts/americans-in-lebanon-and-israel-had-to-pay-for-the/,The U.S. government is offering Americans loans to pay for flights out of Lebanon while they have been flying Israeli citizens out of Israel on chartered flights for a year “on our dime.”,2024-10-03,2024-10-09,"""Israel""",FALSE,,The U.S. government is offering Americans loans to pay for flights out of Lebanon while they have been flying Israeli citizens out of Israel on chartered flights for a year “on our dime.”,"""The U.S. government is offering Americans loans to pay for flights out of Lebanon while they have been flying Israeli citizens out of Israel on chartered flights for a year 'on our dime.'""",Americans in Lebanon and Israel had to pay for their own emergency flights out of each country.,Yes,No,No,No
55,55,Politifact,https://www.politifact.com/factchecks/2024/oct/08/donald-trump/fact-check-trump-said-he-has-been-to-gaza-thats-fa/,"Of Gaza, “I’ve been there.”",2024-10-07,2024-10-08,"""Israel""",FALSE,,"Donald Trump
stated on October 7, 2024 in an interview with Hugh Hewitt:
Of Gaza, “I’ve been there.”","""Donald Trump
stated on October 7, 2024 in an interview with Hugh Hewitt:
Of Gaza, 'I’ve been there.'""","On May 23, 2017, Trump met with Palestinian Authority President Mahmoud Abbas in Bethlehem in the West Bank. We found no evidence that he’s been to Gaza. President Bill Clinton visited Gaza in 1998; experts said he’s the last president to visit Gaza. Trump actually stated the claim in an interview, but the claim is wrong.",Yes,No,No,No
56,56,Politifact,https://www.politifact.com/factchecks/2024/sep/20/tweets/no-this-image-doesnt-show-an-iphone-that-exploded/,“iPhones exploding in Lebanon blowing up random people.”,2024-09-18,2024-09-20,"""Israel""",FALSE,https://pbs.twimg.com/media/GXxe63hXsAAlRh4?format=jpg&name=large,"""iPhones exploding in Lebanon blowing up random people,""","""iPhones exploding in Lebanon blowing up random people.""","The image of an exploded iPhone being shared as if it was from recent device attacks in Lebanon was published in a 2021 article about an exploding iPhone in a suburb of Cairo, Egypt. Credible news reports of the attacks in Lebanon did not say that iPhones were devices targeted in the attacks.",No,Yes,No,No
