id,Website,Article_URL,Headline,Claim_Date,Review_Date,Query/Keyword,Label_Website,Image_URL,Original_Claim_Website,Original_Claim_Only,Context/Label_Explanation,Text_Only_Claim,Normal_Image,AI_Generated_Image,Altered_Image
0,AFP Factcheck,https://factcheck.afp.com/doc.afp.com.372Y6CV,Fake newspaper cover on Ukrainian soldiers in Kursk spreads online,2025-03-15,2025-03-19,"""War in Ukraine""",ALTERED,https://web.archive.org/web/20250708170622/https://scontent-arn2-1.xx.fbcdn.net/v/t39.30808-6/484304343_642451842044376_1862227891799489919_n.jpg?_nc_cat=102&ccb=1-7&_nc_sid=127cfc&_nc_ohc=AQF6gx1x-YcQ7kNvwETthXn&_nc_oc=AdmyQn5avueVjfbAd73vfF1ieHVYNh21A86eE9m7Xk3NmnQBlMpPB8X_JJDNbK_BzjE&_nc_zt=23&_nc_ht=scontent-arn2-1.xx&_nc_gid=BKWAJi_JRI-jR90-PCMvag&oh=00_AfQfJPMoQ-UfrUCaoioCLQg_eit_H0SWZvqnR-rtXJdmPw&oe=687336CC,"""The Kursk expedition was a disaster and a complete waste of life. Britain egged it on,"" says a March 15, 2025 post on X from Ian Miles Cheong, a far-right blogger who has previously spread other misinformation -- and whose posts have been repeatedly amplified by billionaire X owner Elon Musk. The post claims to show the Hull Daily Mail, a regional newspaper serving the port city of Hull in northeastern England, saying on its front page: ""70,000 Ukrainian soldiers in the Kursk region died in vain. The UK poured hundreds of millions of pounds into Zelensky's crushing failure.""","""70,000 Ukrainian soldiers in the Kursk region died in vain. The UK poured hundreds of millions of pounds into Zelensky's crushing failure.""","But the supposed Hull Daily Mail headline blasting Zelensky over the Kursk incursion is a fabrication.
""That story re Ukraine was a fake,"" said Lija Kresowaty, a spokesperson for Reach PLC, the Hull Daily Mail's parent company, in a March 18 email.
",No,No,No,Yes
1,AFP Factcheck,https://factcheck.afp.com/doc.afp.com.36YR9KZ,"No, Zelensky hasn't bought Eagle's Nest, it is still in ownership of Bavarian state",2025-02-18,2025-02-27,"""War in Ukraine""",FALSE,,"According to the latest claims, Zelensky allegedly purchased another site steeped in history: the so-called Eagle's Nest, or Kehlsteinhaus, in Berchtesgaden in the southern German state of Bavaria, for 14.2 million euros.","According to the latest claims, Zelensky allegedly purchased another site steeped in history: the so-called Eagle's Nest, or Kehlsteinhaus, in Berchtesgaden in the southern German state of Bavaria, for 14.2 million euros.","The Eagle's Nest is in the property of the state of Bavaria. The administration of state-owned real estate is the responsibility of IMBY, which is listed in the alleged purchase agreement. On February 7, 2025, the company posted a press release on its website in which it called the claim ""deliberate misinformation"". The Eagle's Nest ""continues to be owned by the Free State of Bavaria"", the state-owned company stated. It said that a sale had neither taken place nor was planned. IMBY also addressed details from the video: ""The alleged purchase agreement shown in the video is a forgery, and the same applies to the alleged quote from IMBY's management"". It will also take legal action against the misinformation.",Yes,No,No,No
2,AFP Factcheck,https://factcheck.afp.com/doc.afp.com.36YC3DG,Claims that Ukraine banned Truth Social are false,2025-02-20,2025-02-21,"""War in Ukraine""",FALSE,,"""BREAKING: Zelensky blocks access to President Trump's social media platform Truth Social across Ukraine,"" says a February 20, 2025 X post from conservative influencer Benny Johnson, who AFP has previously fact-checked.","""BREAKING: Zelensky blocks access to President Trump's social media platform Truth Social across Ukraine."" ","A spokesperson for Trump Media and Technology Group, which owns Truth Social, said the company has not launched the micro-blogging site in Ukraine.
""Reports that Truth Social was blocked in Ukraine are false -- Truth Social has never been available in Ukraine,"" the spokesperson said in a February 20 email.
After the claims about Zelensky banning Truth Social began circulating on social media, a spokesperson for Ukraine's foreign ministry posted on X, saying state officials had not banned the platform because it is ""unfortunately"" not available in the country (archived here).
""We would appreciate it if the Truth Social would add Ukraine to their authorized region of operations,"" foreign ministry spokesperson Heorhii Tykhyi said on February 20.",Yes,No,No,No
3,AFP Factcheck,https://factcheck.afp.com/doc.afp.com.36P98ZW,"Fake 'apocalypse' cover of The Economist circulates online

",2024-11-18,2024-12-03,"""War in Ukraine""",FALSE,https://web.archive.org/web/20250708170927/https://scontent-arn2-1.xx.fbcdn.net/v/t39.30808-6/472950587_122151330002360930_7054174540542497030_n.jpg?_nc_cat=109&ccb=1-7&_nc_sid=833d8c&_nc_ohc=VKynD_KT4WsQ7kNvwHCDlV3&_nc_oc=AdniMpD4oCtr-BLqVGt9uMzcspT6_s2zsNYqsUhvlQPEnCCayhKM_XNDqNm2_cA7ruc&_nc_zt=23&_nc_ht=scontent-arn2-1.xx&_nc_gid=u6A3XTkfx3XBiAi-jhUDEg&oh=00_AfSZclx2zycS1bOC-rtV85Xgt306Z5vVxeUS9a_1F6Ei4Q&oe=6873247F,"""APOCALYPSE: Allowing missile strikes deep into Russia is the start of World War III,' warns the iconic prophetic magazine The Economist,"" says a November 18, 2024 https://perma.cc/K8MH-DP39.","""APOCALYPSE: Allowing missile strikes deep into Russia is the start of World War III,' warns the iconic prophetic magazine The Economist.""","However, The Economist does list Telegram among its social media channels -- and its website does not show any November 2024 covers similar to the one posted online (archived here).",No,No,No,Yes
4,AFP Factcheck,https://factcheck.afp.com/doc.afp.com.36MM6QY,Old photo misrepresented as coffins of 'British soldiers killed in Ukraine war',2024-11-03,2024-11-27,"""War in Ukraine""",FALSE,https://web.archive.org/web/20250708171047/https://images.static.press.net/v2/image/preview/0503b84fd6676c7af91213f2a1725816/2.3962551.jpg?1,"""Recently, 18 members of the British special forces successfully infiltrated Russia from Kyiv, but they all returned to their country in wooden boxes,"" read a post on Chinese platform Weibo from November 3, 2024.
Text on the picture reads: ""18 British Special Forces were killed in Ukraine. They were liquidated in the Odessa Region.""","""18 British Special Forces were killed in Ukraine. They were liquidated in the Odessa Region.""","A reverse image search and keyword searches on Google and Russian search engine Yandex found the image published on news agency PA Media's website (archived link).
According to the photo caption, it was taken by British Royal Air Force (RAF) photographer Ross Tilly on September 13, 2006 and shows the coffins of 14 British soldiers who were repatriated after they were killed in an air crash in Afghanistan.",No,Yes,No,No
5,AFP Factcheck,https://factcheck.afp.com/doc.afp.com.36LH9P7,Zelensky targeted with fake picture of 'Hitler's Mercedes at presidential palace',2024-10-08,2024-11-08,"""War in Ukraine""",FALSE,https://web.archive.org/web/20250708171152/https://pbs.twimg.com/media/DzTnadMX4AEYfc2?format=jpg&name=medium,"""Hitler's parade car was bought by Zelensky,"" says a post in the Chinese social media platform Weibo from October 8, 2024.
It showed an image of a Mercedes-Benz 770 parked outside a building, alongside a photo of Zelensky captioned: ""Zelensky purchased Hitler's car for $15 M"".
It said the vehicle's ""mystery"" owner was revealed when the Ukrainian leader ""was spotted getting out of the car in Kyiv"".","""Hitler's parade car was bought by Zelensky for $ 15 M.""",The Ukrainian Center for Combating Disinformation -- part of the country's National Security and Defense Council -- refuted the false claim that the photo showed Hitler's Mercedes at the presidential palace (archived link).,No,Yes,No,No
6,AFP Factcheck,https://factcheck.afp.com/doc.afp.com.36H63KK,"Decades-old image shows airshow collision, not 'US fighter jet shot down by Russia'

",2024-09-23,2024-09-27,"""War in Ukraine""",FALSE,https://web.archive.org/web/20250117223533/https://d3trj3zqmkebtg.cloudfront.net/pics/48/48672_big.jpg,"""A US F16 fighter jet was shot down on the 28th in airspace over the Black Sea after refusing to obey Russian orders. The video was made public,"" read the simplified Chinese caption to a TikTok video shared on September 23, 2024.
The video appears to show an image of a fighter jet in flames, followed by photos of US defence chief Lloyd Austin and Russian foreign ministry spokeswoman Maria Zakharova.","""A US F16 fighter jet was shot down on the 28th in airspace over the Black Sea after refusing to obey Russian orders.""","While a US-made F-16 -- supplied to Ukraine by its Western allies -- crashed during a combat mission in August 2024, the image shows a Russian MiG-29 that collided with another aircraft during an airshow on July 24, 1993.",No,Yes,No,No
7,AFP Factcheck,https://factcheck.afp.com/doc.afp.com.36FQ2MU,"BlackRock did not ask Ukraine to 'stop burying dead soldiers on its land'

",2024-08-03,2024-09-13,"""War in Ukraine""",FALSE,,"""BlackRock has asked that Ukrainian soldiers not be buried on the land it owns in Ukraine,"" read a simplified Chinese X post shared on August 3, 2024.
It said BlackRock representatives ""have already bought 47 percent of Ukraine's land"" and requested on a recent visit to Kyiv that ""this land not be used for burials and that the bodies be cremated or disposed of in other ways.""","""BlackRock has asked that Ukrainian soldiers not be buried on the land it owns in Ukraine.""","However, a representative for BlackRock said the claim was baseless.
""This is completely false,"" the spokesperson told AFP on August 22. ""BlackRock Inc. does not own any land in Ukraine.""
A spokesperson for the land committee of the Ukrainian Agribusiness Club (UCAB) told AFP on the same day: ""We haven't heard about anything like that.""
Frederic Mousseau, policy director at the US-based Oakland Institute think tank -- which has published reports on agricultral land reform in Ukraine -- confirmed BlackRock does not own land in the country, although it does hold other Ukrainian assets (archived link).
""According to our research over large land leases in Ukraine presented in our report; 'War and Theft, the Takeover of Ukraine's Agricultural Land', BlackRock doesn't own any land in Ukraine"", he told AFP on August 22 (archived link).
Agricultural land privatisation began in Ukraine in 2021, Mousseau said, potentially providing indirect exposure to land assets, but no single investor could reach 47 percent of the country's total land mass in this way.
Foreigners are not permitted to buy agricultural land in Ukraine and can only buy non-agricultural land if they meet certain legal conditions, according to the Land Code of Ukraine (archived link).
""BlackRock owns part of Ukraine's debt through Eurobonds, which gives the company leverage over the country,"" Mousseau added.
""Ukraine has been forced by creditors to undertake an ongoing drastic structural adjustment program aiming at privatise all sectors of its economy.""",Yes,No,No,No
8,AFP Factcheck,https://factcheck.afp.com/doc.afp.com.36FD73Z,"Photos show Chinese medics flying to epicentre of coronavirus outbreak, not 'deployed to aid Russia'

",2024-08-25,2024-09-05,"""War in Ukraine""",FALSE,https://web.archive.org/web/20250708171656/https://pbs.twimg.com/media/GVxOANvXIAAYreV?format=jpg&name=medium,"""The Chinese Communist Party's Red Cross troops in Russia have changed into winter clothes and set off for the Russian-Ukrainian front to aid Russia in rescuing its occupied territories,"" read the traditional Chinese caption to an image shared on social media platform X on August 25, 2024.
The picture appears to show people in military uniform carrying luggage on a runway, and the overlaid red text reads: ""At around 3 am, Red Cross troops departed for Russia"". It also praises ""world peace"", China-Russia relations and the People's Liberation Army.","""The Chinese Communist Party's Red Cross troops in Russia have changed into winter clothes and set off for the Russian-Ukrainian front to aid Russia in rescuing its occupied territories.""","A reverse image and subsequent keyword searches led to a video published by Chinese state-run broadcaster CGTN on its official X account on January 25, 2020 (archived link).
Its caption said 450 military doctors and medical personnel from China's three military medical universities had rushed to Wuhan to help fight the coronavirus outbreak.",No,Yes,No,No
9,AFP Factcheck,https://factcheck.afp.com/doc.afp.com.36E72JA,"Old photo of Zelensky visiting eastern Ukraine falsely linked to Kyiv's offensive in Russia

",2024-08-12,2024-08-16,"""War in Ukraine""",FALSE,https://web.archive.org/web/20250708171756/https://c10mediaforum.afp.com/CacheServer/Cache.svc/g?hid=A959ED7B7328F4635D858302875C8FB493C8DBC72758E8062E97BF313471CFE20D7C7A60322B0241FD92C8B26AF61DB4,"""Ukrainian President Volodymyr Zelensky arrived in the Sudzha of Kursk region, Russia, which had just been occupied by Ukrainian troops, and met with representatives of the people there,"" read the simplified Chinese https://perma.cc/3BTV-ZHJE  published on social media platform X on August 12, 2024.","""Ukrainian President Volodymyr Zelensky arrived in the Sudzha of Kursk region, Russia, which had just been occupied by Ukrainian troops, and met with representatives of the people there.""","A reverse image search and subsequent keyword searches on Google found the same photo -- distributed by the Ukrainian presidential office -- published in AFP's archives on May 29, 2022. 
The caption of the photo said it was taken in Kharkiv, Ukraine and showed Zelensky visiting the houses and other structures destroyed by the clashes in the city and held a meeting with army officials.",No,Yes,No,No
10,AFP Factcheck,https://factcheck.afp.com/doc.afp.com.367M8LM,US influencer baselessly claims Ukraine manipulated image of hospital bombing,2024-07-10,2024-08-01,"""War in Ukraine""",FALSE,https://web.archive.org/web/20250708171914/https://pbs.twimg.com/media/GSBx-ubXMAAVizU?format=jpg&name=large,"""The Ukrainian Government PHOTOSHOPPED fake children’s toys into images of the hospital they destroyed in Kiev. This is worse than ZIONIST PROPAGANDA!"" says a July 10, 2024 post on X from Jackson Hinkle, whom AFP has previously fact-checked for spreading wartime disinformation.","""The Ukrainian Government PHOTOSHOPPED fake children’s toys into images of the hospital they destroyed in Kiev. This is worse than ZIONIST PROPAGANDA!""","Hany Farid, a digital forensics expert at the University of California-Berkeley (archived here), told AFP in a July 12 email that the photo shows ""no evidence of digital manipulation or editing.""
He said the Ukrainian government's use of the camera's original RAW file further suggests it ""is not fake or manipulated."" RAW files retain all of the data from the camera's sensor, without any automatic retouching to the image.
Farid said a model trained to distinguish real pictures from those created by artificial intelligence uncovered no signs of AI generation, either. But he added that he could not rule out whether the toys had been propped up or otherwise staged for dramatic effect.
Matthew Stamm, head of Drexel University's Multimedia and Information Security Lab (archived here), said July 13 that he also ""found no evidence of manipulation.""",No,Yes,No,No
11,AFP Factcheck,https://factcheck.afp.com/doc.afp.com.363K9LL,"Posts falsely claim Zelensky's wife purchased $5 million luxury car

",2024-07-06,2024-07-11,"""War in Ukraine""",FALSE,,"""Zelinsky's wife just bought a $5,000,000.00 Bugatti while vacationing in Paris. Bravo! Let's send more money over,"" says a July 6, 2024 Facebook post.","""Zelinsky's wife just bought a $5,000,000.00 Bugatti while vacationing in Paris. Bravo! Let's send more money over.""","The main piece of evidence in the posts is a photo of an invoice with the Bugatti logo.
The document indicates Zelenska should receive the luxury car in 2026. The invoice also says the price is 4,462,400, but it does not specify any currency.
Car Lovers, the firm that owns the Bugatti dealership in Paris, called the document ""fake news"" in a July 2 press release (archived here).
""The Car Lovers group vehemently denies both that this transaction took place and, therefore, that this invoice exists,"" the company said.
""Not only do the mandatory legal notices not appear on the invoice, but the price of the vehicle is also wrong, the price of the options and their description are inexact and incoherent, the visual corporate identity is outdated and the Car Lovers group would never have allowed such a document to be issued.""
The dealership address is misspelled on the invoice, with an ""l"" missing in ""Neuilly-sur-Seine."" The document also lacks mandatory information, such as the applicable value-added tax (VAT), and shows a number used in the Australian banking system but not in France. ",Yes,No,No,No
12,Reuters,https://www.reuters.com/fact-check/photo-world-leaders-removing-suit-jackets-ukraine-is-altered-2025-03-25/,Fact Check: Photo of world leaders removing suit jackets for Ukraine is altered,2025-03-15,2025-03-25,"""Ukraine Fact Check""",ALTERED,https://web.archive.org/web/20250708172020/https://leadstories.com/screenshot_3495456.jpg,"""European leaders took off their suits to support Ukraine,"" said social media posts, opens new tab referring to a reporter's criticism, opens new tab (timestamp 1:20) of Zelenskiy for not wearing a suit during a White House visit three days earlier.","""European leaders took off their suits to support Ukraine.""","World leaders gathered for a group photo at a summit in London did not remove their jackets in solidarity with Ukraine, and an image shared online appearing to show them doing so has been manipulated.",No,No,No,Yes
13,Reuters,https://www.reuters.com/fact-check/photo-suited-zelenskiy-wef-summit-predates-ukraine-war-2025-03-04/,"Fact Check: Photo of a suited Zelenskiy at WEF summit predates Ukraine war
",2025-03-02,2025-03-04,"""Ukraine Fact Check""",MISLEADING,https://web.archive.org/web/20250708172313/https://pbs.twimg.com/media/GlIOG43XYAA92B-?format=jpg&name=medium,"“Whenever you meet your real boss you always wear a suit,” said a March 2 X post, opens new tab, captioning the photo of Zelenskiy and the WEF’s Klaus Schwab.",“Whenever you meet your real boss you always wear a suit.”,"The photo of a suited Zelenskiy shaking Klaus Schwab’s hand is from January 2020, two years before Russia invaded Ukraine.
A photo of a suit-wearing Volodymyr Zelenskiy shaking hands with the World Economic Forum’s founder has been presented online as evidence of double-standards by the Ukrainian president, though online discourse omits context that the photo is from years before Zelenskiy adopted more simple, military-style attire in solidarity with his citizens at war with Russia.",No,Yes,No,No
14,Reuters,https://www.reuters.com/fact-check/fox-news-did-not-report-usaid-funded-information-warfare-ukraine-2025-02-27/,Fact Check: Fox News did not report USAID funded ‘information warfare’ in Ukraine,2025-02-12,2025-02-27,"""Ukraine Fact Check""",ALTERED,https://web.archive.org/web/20250708172424/https://pbs.twimg.com/media/GkYflJ6WMAEytIX?format=jpg&name=medium,"The doctored screenshot shared on Facebook, opens new tab said: “Psychological and Information Warfare Center of Ukraine received $140,000,000 per month from USAID.”","“Psychological and Information Warfare Center of Ukraine received $140,000,000 per month from USAID.”",A spokesperson for Fox News Media said in an email that the news outlet did not publish any such story.,No,No,No,Yes
15,Reuters,https://www.reuters.com/fact-check/zelenskiys-latest-approval-rating-is-63-not-4-contrary-trumps-claim-2025-02-21/,"Fact Check: Zelenskiy's latest approval rating is 63%, not 4%, contrary to Trump's claim",2025-02-18,2025-02-21,"""Ukraine Fact Check""",FALSE,,"""We have a situation where we haven't had elections in Ukraine; where we have martial law; where the leader of Ukraine - I hate to say it – but he's down at 4% approval rating,"" Trump said on February 18, opens new tab without offering any evidence, after being asked whether the U.S. would support Ukraine having fresh elections.","""We have a situation where we haven't had elections in Ukraine; where we have martial law; where the leader of Ukraine - I hate to say it – but he's down at 4% approval rating."" ","However, a poll, carried out by the Kyiv International Institute of Sociology, opens new tab (KIIS) found 63% of Ukrainian respondents approved of Zelenskiy, up from 56% in May 2024.
The White House, contacted by Reuters, declined to comment.
The latest poll, part of a project funded by The British Academy, surveyed 1,600 people between November 2024 and January 2025. Asked whether they approve or disapprove of Zelenskiy's actions as president, 26.1% of respondents said they “completely approve” and 36.9% said they “tend to approve”.
Another KIIS survey, carried out from February 4-9 this year, found 57% of Ukrainians trust Zelenskiy. The poll showed 37% of respondents do not trust him.
Anton Hrushetskyi, director of KIIS, told Reuters that while similar, trust and approval are not identical concepts. He said a person can approve of someone's activities, but that does not necessarily mean that they trust them.
Olga Onuch, a professor in comparative and Ukrainian politics at the University of Manchester who worked with KIIS to produce the surveys, said in a statement on Wednesday, opens new tab: “Trump’s claim is not only factually incorrect, but also irresponsible and anti-democratic - Zelenskiy remains a fairly popular political leader in Ukraine. Spreading misinformation about his legitimacy directly aids Kremlin propaganda and undermines the Ukrainian people's right to determine their own future.”",Yes,No,No,No
16,Reuters,https://www.reuters.com/fact-check/zelenskiys-quote-about-trump-nato-membership-lacks-context-2024-12-20/,"Fact Check: Zelenskiy’s quote about Trump and NATO membership lacks context
",2024-12-09,2024-12-20,"""Ukraine Fact Check""",MISSING CONTEXT,,"Posts on Facebook, and X in December, quoted the Ukrainian leader as saying: “ZELENSKY: ""I WILL ASK BIDEN TO INVITE ME TO NATO...THERE'S NO POINT IN TALKING TO TRUMP."""," “ZELENSKY: ""I WILL ASK BIDEN TO INVITE ME TO NATO...THERE'S NO POINT IN TALKING TO TRUMP.""","Zelenskiy told reporters at a joint press conference with German opposition leader Friedrich Merz on Dec. 9 that he hoped to call outgoing U.S. President Joe Biden in the coming days to discuss an invitation to the military alliance.
He did also say that he saw no reason to speak to Trump.
However, these comments presented alone lack important context, as Zelenskiy said he saw no reason to speak to Trump, because Trump was not yet the sitting president.",Yes,No,No,No
17,Reuters,https://www.reuters.com/fact-check/ukraines-president-zelenskiy-did-not-buy-palace-des-neiges-hotel-french-ski-2024-12-13/,Fact Check: Ukraine's President Zelenskiy did not buy 'Palace des Neiges' hotel in French ski resort,2024-11-29,2024-12-13,"""Ukraine Fact Check""",FALSE,,"Posts on Facebook, and X said Zelenskiy purchased an ""88 million euro hotel in the Courchevel ski resort in France.""","""Zelenskiy purchased an 88 million euro hotel in the Courchevel ski resort in France.""","While the hotel is real, and was in fact bought by SBM, last year, neither Zelenskiy nor Film Heritage was involved in that sale. A spokesperson for the office of the president of Ukraine said the report was ""fake"". The hotel was not resold in October of this year for 88 million euros, the hotel group’s financial filings. Head of Press and Influence Department of SBM Group, Sylvie Cristin, told Reuters that the SBM Group acquired the ""Palace des Neiges"" in October 2023 to integrate its hotel portfolio.",Yes,No,No,No
18,Reuters,https://www.reuters.com/fact-check/russian-man-sentenced-14-years-jail-treason-not-burning-koran-2024-12-03/,"Fact Check: Russian man sentenced to 14 years in jail for treason, not for burning Koran",2024-11-26,2024-12-03,"""Ukraine Fact Check""",FALSE,,"Nov. 26 posts on X and Facebook, some sharing an image of Zhuravel and others of Russian President Vladimir Putin holding a copy of the Koran, falsely said: “BREAKING: RUSSIA has sentenced a man to 14 YEARS IN PRISON for BURNING the QURAN.”",“BREAKING: RUSSIA has sentenced a man to 14 YEARS IN PRISON for BURNING the QURAN.”,"A Russian man was jailed for 14 years in November for state treason, not for burning a copy of the Koran, contrary to online claims.
Nikita Zhuravel, 20, was already serving three and a half years in prison for burning a copy of the Koran when he was convicted of new offences linked to contact with Ukrainian intelligence.",Yes,No,No,No
19,Reuters,https://www.reuters.com/fact-check/italys-meloni-comment-misrepresented-condemnation-us-stance-ukraine-missiles-2024-11-29/,"Fact Check: Italy's Meloni comment misrepresented as condemnation of US stance on Ukraine missiles
",2024-11-20,2024-11-29,"""Ukraine Fact Check""",MISLEADING,,"A day later, accounts on X and Facebook said: “BREAKING: Italian Prime Minister Meloni CONDEMNED the US-Ukrainian BOMBING of Russia.”",“BREAKING: Italian Prime Minister Meloni CONDEMNED the US-Ukrainian BOMBING of Russia.”,"Italian Prime Minister Giorgia Meloni said at the G20 summit in Rio de Janeiro that she understood the U.S. decision to approve Ukraine using its weapons in Russia, but her comments have been misleadingly represented online as a condemnation.",Yes,No,No,No
20,Reuters,https://www.reuters.com/fact-check/no-evidence-nato-chief-said-hell-expel-us-if-trump-surrenders-ukraine-2024-11-25/,"Fact Check: No evidence NATO chief said he’ll expel US if Trump ‘surrenders Ukraine’
",2024-11-05,2024-11-26,"""Ukraine Fact Check""",NO EVIDENCE,,"Posts on Facebook shared after Trump won the Nov. 5 U.S. presidential election said: “BREAKING: NATO Secretary General Mark Rutte says that ‘If Trump surrenders Ukraine to Putin, he will personally expel the United States from the alliance’” alongside comments asking if that “would be a bad thing”."," “BREAKING: NATO Secretary General Mark Rutte says that ‘If Trump surrenders Ukraine to Putin, he will personally expel the United States from the alliance’” alongside comments asking if that “would be a bad thing”.",No evidence. There are no credible reports or references on NATO’s social media account or website that Rutte made the comment. A NATO official denied that Rutte made such a remark.,Yes,No,No,No
21,Reuters,https://www.reuters.com/fact-check/fabricated-quote-by-sheinbaum-calling-zelenskiy-drug-addict-2024-09-30/,"Fact Check: Fabricated quote by Sheinbaum calling Zelenskiy a ‘drug addict’ 
",2024-09-18,2024-09-30,"""Ukraine Fact Check""",FALSE,,"Posts on social media falsely cite Sheinbaum as rejecting the invitation by saying, about Zelenskiy, “If I wanted to see a drug addict, I'd just take a walk around Tijuana.”"," “If I wanted to see a drug addict, I'd just take a walk around Tijuana.”","Mexican President-elect Claudia Sheinbaum said on Sept. 17 that she did not immediately plan to visit Ukraine, citing her prioritization of domestic issues and Mexico’s principle of non-interference in foreign affairs. She did not call Ukrainian President Volodymyr Zelenskiy a drug addict, contrary to a fabricated quote shared online.",Yes,No,No,No
22,Reuters,https://www.reuters.com/fact-check/orange-smoke-cloud-photo-predates-kursk-assault-by-nearly-decade-2024-08-16/,Fact Check: Orange smoke cloud photo predates Kursk assault by nearly a decade,2024-08-11,2024-08-16,"""Ukraine Fact Check""",MISCAPTIONED,https://web.archive.org/web/20250708172556/https://pbs.twimg.com/media/GUqcvO4XAAAP3dz?format=jpg&name=large,"The caption of one of the social media posts sharing the image says, in part: “First picture of a CHEMICAL attack by Ukrainian artillery in KURSK !!!!!!! The Armed Forces of Ukraine used chemical weapons in the Kursk region. According to the Aida group, the enemy used ammunition filled with chlorine.”","“First picture of a CHEMICAL attack by Ukrainian artillery in KURSK !!!!!!! The Armed Forces of Ukraine used chemical weapons in the Kursk region. According to the Aida group, the enemy used ammunition filled with chlorine.”","The same scene can be seen at timestamp 00:09 of a March 2015 BBC News video titled “Islamic State's toxic ‘chlorine gas’ bombs.”
The clip, provided by Iraqi officials, shows orange smoke rising from a controlled explosion and Iraqi officials said there was evidence that Islamic State militants were using chlorine gas in roadside bombing in Iraq, the BBC reported. A photo taken by Reuters in March 2015 in a town north of the Iraqi capital Baghdad shows a chlorine-tinged cloud of smoke rising from a bomb detonated by Iraqi troops and Shi’ite forces.",No,Yes,No,No
23,Snopes,https://www.snopes.com/fact-check/trump-military-aid-ukraine/,"Trump falsely claimed US spent $350B on military aid to Ukraine
",2025-02-19,2025-03-13,"""Ukraine""",FALSE,,"As of February 2025, the United States had given $350 billion in military aid to Ukraine for its war with Russia.","As of February 2025, the United States had given $350 billion in military aid to Ukraine for its war with Russia.","It's possible to arrive at varying totals depending on how military aid is defined or by considering how much money was allocated — as opposed to actually paid out — by the U.S. government, but none of these totals amounts to $350 billion.
Trump's claim is incorrect. While it is possible to arrive at varying totals using different ways to categorize or count the financial figures, none amounts to $350 billion. As of this writing, the United States had allocated nearly $183 billion for the response to Russia's 2022 invasion of Ukraine, according to the U.S. government's inspector general overseeing the situation. That amount includes more than just what the U.S. government directly sent to Ukraine — and only $83 billion had actually been paid out as of December 2024. Thus, we rate this claim false. ",Yes,No,No,No
24,Snopes,https://www.snopes.com/fact-check/warren-buffett-500-million-ukraine/,Warren Buffett did not send more than $500M to Ukraine — but his son did,2025-03-04,2025-03-12,"""Ukraine""",FALSE,,Warren Buffett has given more than $500 million to Ukraine.,Warren Buffett has given more than $500 million to Ukraine.,"Howard Buffett, Warren Buffett's son, donated more than $800 million to Ukraine since 2022, through his own foundation.",Yes,No,No,No
25,Snopes,https://www.snopes.com/fact-check/jd-vance-cousin-nate-fought-in-ukraine-3-years/,"Yes, Vice President JD Vance's cousin Nate fought in Ukraine for three years
",2025-03-11,2025-03-12,"""Ukraine""",TRUE,,U.S. Vice President JD Vance's cousin Nate Vance fought in Ukraine for three years during its war with Russia.,U.S. Vice President JD Vance's cousin Nate Vance fought in Ukraine for three years during its war with Russia.,"Snopes readers searched our site and submitted emails asking if the claim was true. While we could not independently confirm that the claim was true, several reputable news organizations from various countries, including CNN and French newspaper Le Figaro (archived), all reported that Vance volunteered to fight in Ukraine and served alongside Ukrainian forces for three years, and provided sufficient photographic evidence.",Yes,No,No,No
26,Snopes,https://www.snopes.com/fact-check/zelenskyy-us-ukraine-war-quote/,Zelenskyy saying US will have to send 'sons and daughters to war' in Ukraine is from old video,2025-03-03,2025-03-05,"""Ukraine""",MISCAPTIONED,,"Ukrainian President Volodymyr Zelenskyy said the U.S. will have ""to send their sons and daughters"" to die for Ukraine after having a heated exchange with U.S. President Donald Trump at the White House in February 2025.","Ukrainian President Volodymyr Zelenskyy said the U.S. will have ""to send their sons and daughters"" to die for Ukraine after having a heated exchange with U.S. President Donald Trump at the White House in February 2025.","Zelenskyy did say, ""The U.S. will have to send their sons and daughters exactly the same way as we are sending [our] sons and daughters to war."" However, he was talking about a hypothetical situation in which Ukraine losing the war against Russia would lead to a broader conflict resulting in Americans being pulled into fighting. He made this statement in February 2023, two years before the exchange with Trump took place.",Yes,No,No,No
27,Snopes,https://www.snopes.com/fact-check/zelenskyy-houses-planes-offshores-accounts/,"The facts behind resurfaced claim that Zelenskyy has multiple homes, planes, offshore accounts",2025-02-28,2025-03-05,"""Ukraine""",FALSE,,"Ukrainian President Volodymyr Zelenskyy owns 15 homes including a $35 million home in Florida, has $1.2 billion in an overseas bank account, owns 15 homes, three private planes and has a monthly income of $11 million.","Ukrainian President Volodymyr Zelenskyy owns 15 homes including a $35 million home in Florida, has $1.2 billion in an overseas bank account, owns 15 homes, three private planes and has a monthly income of $11 million.","The Ukrainian president submitted a 2024 asset declaration to the National Agency on Corruption Prevention covering 2023 that detailed his owned properties, income, bank accounts and vehicles. The NACP is a Ukrainian government unit that takes asset declarations from all politicians who receive a salary from the state. 
According to the declaration, Zelenskyy owned fewer than 15 properties, none of them in the U.S., owned no planes and had an annual income of around $300,000, equivalent to about $25,000 per month. Records searches in Florida's 67 counties revealed no properties in Zelenskyy's name.
The declaration listed just one overseas bank account holding 350,272 euros (around $377,000). Given the above, we rate this claim false.",Yes,No,No,No
28,Snopes,https://www.snopes.com/fact-check/trump-lech-walesa-ukraine/,"Yes, former Polish president Lech Wałęsa wrote letter to Trump about pausing military aid to Ukraine
",2025-03-03,2025-03-14,"""Ukraine""",TRUE,,Former President of Poland Lech Wałęsa wrote a letter to Donald Trump criticizing the U.S. President's decision to suspend the delivery of all U.S. military aid to Ukraine.,Former President of Poland Lech Wałęsa wrote a letter to Donald Trump criticizing the U.S. President's decision to suspend the delivery of all U.S. military aid to Ukraine.,"Wałęsa did post such a letter on his Facebook page. However, it is not clear whether he wrote the letter alone or in conjunction with any of its signatories. It is also not clear whether he sent the letter directly to Trump or just posted it on social media.",Yes,No,No,No
29,Snopes,https://www.snopes.com/fact-check/trump-zelenskyy-meeting-with-democrats/,"Zelenskyy met with Democrats — and Republicans — before his meeting with Trump
",2025-03-02,2025-03-04,"""Ukraine""",MIXTURE,,"On Feb. 28, 2025, before a meeting with U.S. President Donald Trump, Ukraine President Volodymyr Zelenskyy met with Democrats who convinced him to reject a deal that would allow the U.S. to exploit minerals in Ukraine in exchange for U.S. support in Ukraine's war with Russia.","On Feb. 28, 2025, before a meeting with U.S. President Donald Trump, Ukraine President Volodymyr Zelenskyy met with Democrats who convinced him to reject a deal that would allow the U.S. to exploit minerals in Ukraine in exchange for U.S. support in Ukraine's war with Russia.","What's True
Zelenskyy did meet with Democratic U.S. senators ...
What's False
... but that meeting also included at least three Republican senators. Sen. Chris Murphy, a Democrat from Connecticut, emphatically rejected claims that the Democrats of the U.S. Senate delegation had dissuaded Zelenskyy from taking the minerals deal. Further, Zelenskyy confirmed to reporters two days after the meeting that his country was ready to accept the deal.",Yes,No,No,No
30,Snopes,https://www.snopes.com/fact-check/minerals-deal-ukraine-russia-peace/,"There's no Ukraine-Russia peace deal — but a US-Ukraine minerals deal could be a stepping stone
",2025-02-25,2025-02-26,"""Ukraine""",FALSE,,"In early 2025, Ukraine and Russia had reached a peace deal in their years-long war.","In early 2025, Ukraine and Russia had reached a peace deal in their years-long war.","Claims of a peace deal between Ukraine and Russia actually repeat key parts of a proposed U.S.-Ukraine agreement for sharing revenue from Ukraine's natural assets, including minerals. This agreement is not a peace deal but would bring Americans to Ukraine and give the U.S. a vested interest in peace in the country.",Yes,No,No,No
31,Snopes,https://www.snopes.com/fact-check/ukraine-bans-orthodox-church/,"Ukraine Banned Orthodox Church in August 2024?
",2024-08-20,2024-08-21,"""Ukraine""",MIXTURE,,"In August 2024, Ukraine passed legislation banning the Orthodox Church in Ukraine.","In August 2024, Ukraine passed legislation banning the Orthodox Church in Ukraine.","What's True
On Aug. 20, 2024, the Ukrainian Parliament passed (though Ukrainian President Volodymyr Zelenskyy has not yet signed, as of this writing) legislation that would allow the government to ban the Russian-linked Ukrainian Orthodox Church. However …
What's False
… the law does not pertain to the Orthodox Church of Ukraine, the church to which the majority of Ukrainian Christians belong. Claims that Ukraine banned the Orthodox Church entirely or that it outlawed Christianity are false.",Yes,No,No,No
32,Snopes,https://www.snopes.com/fact-check/harris-ukraine-russia/,"Harris Once Said, 'Ukraine Is a Country in Europe. It Exists Next to Another Country Called Russia'?
",2024-07-22,2024-07-22,"""Ukraine""",Correct Attribution,,"U.S. Vice President Kamala Harris once said, ""Ukraine is a country in Europe. It exists next to another country called Russia. Russia is a bigger country. Russia is a powerful country. Russia decided to invade a smaller country called Ukraine. So basically that's wrong.""","U.S. Vice President Kamala Harris once said, ""Ukraine is a country in Europe. It exists next to another country called Russia. Russia is a bigger country. Russia is a powerful country. Russia decided to invade a smaller country called Ukraine. So basically that's wrong.""","Harris made the statement in March 2022, responding to a journalist's request to explain the situation in Ukraine in layman's terms. She continued, ""And it goes against everything that we stand for. There are terms that we use, we say, 'We respect the sovereignty, the territorial integrity of countries,' right? Their independence. Russia has gone into Ukraine militarily, unprovoked, with no justification other than to exercise its power to take over another country.""",Yes,No,No,No
33,Snopes,https://www.snopes.com/fact-check/fox-kyiv-russia-easter/,A Fox livestream news report labeled Kyiv a Russian city. Here's what we know,2025-04-20,2025-04-21,"""Russia""",Mostly True,https://web.archive.org/web/20250708172739/https://pbs.twimg.com/media/Go9OYfuX0AAFpPM?format=jpg&name=medium,"A Fox News broadcast labeled Kyiv (the capital of Ukraine) a Russian city on Easter 2025. (Snopes)

One X user posted a screenshot showing the alleged mislabeling, captioned: ""Meanwhile, Fox News claims that Kyiv is Russia and broadcasts 'Patriarch Kirill'.” (X Post)","""Meanwhile, Fox News claims that Kyiv is Russia and broadcasts 'Patriarch Kirill'.”","What's True
The mistake appeared on LiveNOW from Fox, a news service delivered by Fox Television Stations.

What's False
However, while LiveNOW from Fox and Fox News are both part of the Fox Corporation, they are not interchangeable nor run by the same business within the corporation.",No,Yes,No,No
34,Snopes,https://www.snopes.com/fact-check/joe-rogan-russia-canada/,"Joe Rogan said he'd rather visit Russia than Canada. He also said 'Canadian people are awesome'
",2025-03-24,2025-03-25,"""Russia""",Correct Attribution,,"Podcaster and UFC commentator Joe Rogan said, ""I don't go to Canada anymore,"" then added, ""I'd rather go to Russia.""","Podcaster and UFC commentator Joe Rogan said, ""I don't go to Canada anymore,"" then added, ""I'd rather go to Russia.""","Rogan laughed after making the remark but provided no direct indication that he was joking. The comment occurred during a podcast episode of ""The Joe Rogan Experience"" on March 22. Earlier in the same episode, he said of Canada, ""They have a terrible government but Canadian people are awesome.""",Yes,No,No,No
35,Snopes,https://www.snopes.com/fact-check/putin-wants-fauci-extradited-to-russia/,"No Evidence Vladimir Putin Wants Fauci Extradited To Russia
",2025-01-22,2025-01-23,"""Russia""",FALSE,,"In January 2025, Russian President Vladimir Putin was seeking to have Dr. Anthony Fauci in the U.S. extradited to Russia in exchange for ending the war in Ukraine.","In January 2025, Russian President Vladimir Putin was seeking to have Dr. Anthony Fauci in the U.S. extradited to Russia in exchange for ending the war in Ukraine.","The claim was false, however. If Putin had made such a request, reliable news sources in either Russia or the United States would have reported on it. That had not happened. If Russia wanted to extradite Fauci, it would likely have to file a Red Flag Notice with Interpol. That, too, had not happened.
Even if the claim came from a reliable source of information, there's a major hurdle standing in the way: The United States and Russia do not have an extradition treaty with each other. According to the U.S. Department of Justice, the U.S. does not generally extradite without a treaty. ",Yes,No,No,No
36,Snopes,https://www.snopes.com/fact-check/russian-tv-melania-trump/,Russian State TV Aired Nude Photos of Melania Trump?,2024-11-10,2024-11-12,"""Russia""",TRUE,,Russian state TV aired nude photos of Melania Trump shortly after the 2024 U.S. presidential election.,Russian state TV aired nude photos of Melania Trump shortly after the 2024 U.S. presidential election.,"The photos of Melania Trump used in the broadcast were not new or leaked images but widely known and previously published photos from her modeling career. Melania Trump addressed the photos in September 2024, saying: ""Why do I stand proudly behind my nude modeling work? The more pressing question is, why has the media chosen to scrutinize my celebration of the human form in a fashion photo shoot? Are we no longer able to appreciate the beauty of the human body?""",Yes,No,No,No
37,Snopes,https://www.snopes.com/fact-check/biden-board-empty-plane/,"No, Biden Did Not Board 'Empty Plane' After Prisoner Exchange with Russia",2024-08-02,2024-08-02,"""Russia""",FALSE,,U.S. President Joe Biden boarded an empty plane after three freed Americans arrived back in the U.S. and exited the aircraft.,U.S. President Joe Biden boarded an empty plane after three freed Americans arrived back in the U.S. and exited the aircraft.,"In sum, Biden did not board an ""empty plane."" Video evidence and information from eyewitnesses show Biden walked onto the plane to visit at least one pilot and possibly other people who were still onboard.",Yes,No,No,No
38,Politifact,https://www.politifact.com/factchecks/2025/mar/20/facebook-posts/was-zelenskyys-pennsylvania-visit-election-interfe/,Ukraine President Volodymyr Zelenskyy “engaged in election interference by campaigning” in Pennsylvania for former Democratic presidential nominee Kamala Harris.,2025-03-01,2025-03-20,"""Ukraine""",FALSE,,"""Zelenskyy is an ungrateful foreigner who engaged in election interference by campaigning for Kamala (Harris) in (Pennsylvania),"" said text on the March 1 Facebook Reel posted by Scotty Moore, a Republican who lost a 2023 Florida House race and a 2022 congressional race.","Zelenskyy ""engaged in election interference by campaigning"" in Pennsylvania for Harris.","A Facebook post said Zelenskyy ""engaged in election interference by campaigning"" in Pennsylvania for Harris.
In September 2024, Zelenskyy visited a Scranton ammunition plant to thank its workers who were producing munitions for Ukraine. A video of his visit shows Zelenskyy touring the site and thanking workers.
Although Shapiro served as a Harris campaign surrogate, he attended the Scranton event in his official capacity as governor. Harris did not attend the Scranton event. Zelenskyy met with Harris and Trump separately later the same week.
Zelenskyy’s visit to the Scranton plant was not covert, and experts said it doesn’t meet any definition of foreign election interference.
We rate this statement False.",Yes,No,No,No
39,Politifact,https://www.politifact.com/factchecks/2025/mar/14/alex-jones/infowars-reporter-jamie-white-who-was-fatally-shot/,"Deceased InfoWars reporter Jamie White was on a “Ukrainian enemies hit list.”
",2025-03-11,2025-03-14,"""Ukraine""",FALSE,,"Jones pointed to a June 12, 2024, X post from White that read, ""I’m on the Ukrainian ‘Enemies List’ due to my work at @infowars and with @RealAlexJones on the Ukraine proxy war.""",Deceased InfoWars reporter Jamie White was on a “Ukrainian enemies hit list.”,"After InfoWars reporter Jamie White was fatally shot March 10 in Austin, Texas, police said they believe the suspects were burglarizing White’s car when White interrupted them.
White is not on a Ukrainian enemies list. In June 2024, Texty.org.ua, an independent Ukrainian media outlet, shared online a list of research subjects as part of its analysis of rhetoric opposing Ukrainian aid. White was among the people whose statements were analyzed.
Texty did not refer to White as an ""enemy"" of Ukraine, nor did the outlet call for him to be harmed or killed.",Yes,No,No,No
40,Politifact,https://www.politifact.com/factchecks/2025/feb/24/threads-posts/elon-musk-didnt-post-that-he-would-suspend-volodym/,Elon Musk posted on X he is planning to suspend Ukraine President Volodymyr Zelenskyy’s X account.,2025-02-19,2025-02-24,"""Ukraine""",FALSE,,"""We are looking into suspending Ukraine Propagandist Zelenskyy’s account,"" a Feb. 19 Threads screenshot of a social media post sharing an X post that appeared to be from Musk’s X account said.",Elon Musk posted on X he is planning to suspend Ukraine President Volodymyr Zelenskyy’s X account.,"The post is not on Elon Musk’s X account.
A search for news reports about Musk saying he would ban Volodymyr Zelenskyy from X yielded no results.
The spelling of Zelenskyy’s name in the screenshot is not the same spelling Musk uses on X when criticizing Zelenskyy.",Yes,No,No,No
41,Politifact,https://www.politifact.com/factchecks/2025/feb/19/donald-trump/did-ukraine-start-its-war-with-russia-as-president/,Volodymyr Zelenskyy “started” the war in Ukraine with Russia.,2025-02-18,2025-02-19,"""Ukraine""",FALSE,,"""I think I have the power to end this war, and I think it's going very well,"" Trump said while answering reporters’ questions Feb. 18 at his Mar-a-Lago resort. ""But today I heard (from Ukraine), ‘Oh well, we weren't invited.’ Well, you've been there for three years. You should have ended it three years — you should have never started it, you could have made a deal.""",Volodymyr Zelenskyy “started” the war in Ukraine with Russia.,"Media outlets worldwide covered Russia’s February 2022 invasion of Ukraine and Russian President Vladimir Putin acknowledged it as a ""special military operation,"" saying the offensive would ""seek to demilitarize and denazify Ukraine.""
For years, Russia has sought to blame Ukrainian actions for its invasion. ",Yes,No,No,No
42,Politifact,https://www.politifact.com/factchecks/2025/feb/05/facebook-posts/zelenskyys-statement-about-ukraine-aid-didnt-revea/,Ukrainian President Volodymyr Zelenskyy “just threw the whole Ukraine money laundering operation under the bus … by stating he’s received less than half of the over $177 billion in aid sent by the United States.”,2025-02-02,2025-02-05,"""Ukraine""",FALSE,,"""(Zelenskyy) just threw the whole Ukraine money laundering operation under the bus … by stating he’s received less than half of the over $177 billion in aid sent by the United States,"" one Facebook post said.",Ukrainian President Volodymyr Zelenskyy “just threw the whole Ukraine money laundering operation under the bus … by stating he’s received less than half of the over $177 billion in aid sent by the United States.”,"Ukrainian President Volodymyr Zelenskyy said his country’s military has received only a portion of the more than $175 billion in U.S. aid earmarked for Ukraine’s war against Russia. Now, critics of that U.S. support are floating an unsupported claim: that the funding has been misused through corruption or money laundering.
Much of the money the U.S. has dedicated for Ukraine aid is spent in the U.S. on domestic weapons manufacturers and U.S. military and government operations.
Direct military support to Ukraine totaled about $70 billion out of the $175 billion Congress has appropriated. 
The money isn’t being laundered, it’s being spent as Congress intended. ",Yes,No,No,No
43,Politifact,https://www.politifact.com/factchecks/2024/nov/26/instagram-posts/theres-no-evidence-half-of-all-ukrainian-aid-was-l/,"""Half of all Ukrainian aid was laundered and sent back to Democrat candidates for re-election.""",2024-11-25,2024-11-26,"""Ukraine""",FALSE,,"In an Instagram video, conservative pundit Jeremy Herrell said a former Polish minister said ""nearly half of all the money that we sent to Ukraine was siphoned off and sent back to the Democrat Party and their candidates."" ","""Half of all Ukrainian aid was laundered and sent back to Democrat candidates for re-election.""","There's no evidence half of all Ukrainian aid was laundered to fund Democratic political campaigns.
There’s no evidence that half of the U.S. aid to Ukraine was diverted to fund Democratic political campaigns. 
The U.S. government oversees equipment and money sent to Ukraine and it has said there’s no evidence of illicit diversion of aid.",Yes,No,No,No
44,Politifact,https://www.politifact.com/factchecks/2024/sep/30/social-media/no-link-between-ukraine-and-helene-aid-and-joe-bid/,“Biden Announces: ‘2.4 billion more to Ukraine’ but ‘no more aid for Hurricane Helene.’”,2024-09-30,2024-09-30,"""Ukraine""",FALSE,,"""Biden announces ‘$2.4 billion more to Ukraine"" but ""No more aid for Hurricane Helene,"" a Sept. 30 Facebook post said.",“Biden Announces: ‘2.4 billion more to Ukraine’ but ‘no more aid for Hurricane Helene.’”,"No link between Ukraine and Helene aid, and Joe Biden didn’t rule out future hurricane aid
In Sept. 29 remarks to reporters, President Joe Biden did not say no more aid would be provided for areas affected by Hurricane Helene. He also did not tie hurricane funding to Ukraine war funding; a Ukraine aid package Biden announced days earlier came from money Congress already appropriated.
Biden said all available resources were in place before the storm made landfall. A fact sheet detailed numerous steps the White House had taken, including issuing disaster and emergency declarations for affected states.
In a Sept. 30 White House address, Biden said he expects to ask Congress for a supplemental spending bill for hurricane aid.",Yes,No,No,No
45,Politifact,https://www.politifact.com/factchecks/2024/sep/20/facebook-posts/colin-kaepernick-isnt-russia-bound-this-claim-orig/,Colin Kaepernick said he “will go to Russia if not properly respected in the United States.”,2024-09-13,2024-09-20,"""Russia""",FALSE,,"""Colin Kaepernick: ‘Will go to Russia if not respected properly in the United States,’"" a Sept. 13 post said. ",Colin Kaepernick said he “will go to Russia if not properly respected in the United States.”,Colin Kaepernick isn’t Russia-bound; this claim originated on a self-described satire site.,Yes,No,No,No