,id,Website,Article_URL,Headline,Claim_Date,Review_Date,Query/Keyword,Label_Website,Image_URL,Original_Claim_Only,Context/Label_Explanation,Text_Only_Claim,Normal_Image,AI_Generated_Image,Altered_Image
1,1,misbar.com,https://www.misbar.com/en/factcheck/2025/04/13/contrary-trolls-baby-sham-lost-her-arm-and-died-israeli-airstrike,"Contrary to Trolls, Baby Sham Lost Her Arm and Died in Israeli Airstrike",2025-04-13T05:39:22Z,2025-04-13T05:39:22Z,Gaza,fake,https://pbs.twimg.com/media/GoQLcf6WUAAkeXV?format=jpg&name=medium,"Baby Sham did not lose her arm in an Israeli airstrike on the Shejaeya neighborhood, east of Gaza City."," Misbar‚Äôs investigative team spoke with Nahed Hajjaj, the original photographer of the widely shared photo showing Sham after her amputation. Hajjaj told Misbar he took the photo two days earlier at Al-Ahli Arab Baptist Hospital, where Sham was treated after an Israeli attack targeted her family‚Äôs house in the Shuja‚Äôiyya neighborhood. He confirmed that Sham lost her right arm and died the following day due to the severity of her injuries. Nahed also posted footage of baby Sham on his Instagram account two days ago, providing details about the Israeli airstrike that targeted her family.",False,True,False,False
3,3,newsmobile.in,https://www.newsmobile.in/nm-fact-checker/fact-check-this-picture-of-dog-holding-a-childs-body-is-from-bangladesh-not-gaza/,"Fact Check: This Picture Of Dog Holding A Child‚Äôs Body Is From Bangladesh, NOT Gaza",2024-12-30T00:00:00Z,2024-12-31T00:00:00Z,Gaza,False,https://scontent-cph2-1.xx.fbcdn.net/v/t39.30808-6/490831653_1358031626327521_2944457293246742450_n.jpg?_nc_cat=102&ccb=1-7&_nc_sid=833d8c&_nc_ohc=g9VbatabM0AQ7kNvwFk4Bk8&_nc_oc=AdmiWNNzFrYWqZhWDfYrS2jaarKZaZ4nkwT2IG8ywhY85-7lp1cAB3qi_-SoQYnrbwc&_nc_zt=23&_nc_ht=scontent-cph2-1.xx&_nc_gid=YMrknCTsIQnyAUAaSIkiug&oh=00_AfKNZimjK1cOf29uCMhvAKDS1l5cfmMbZhMYamHCh_jdMw&oe=682EB65C,picture of a dog holding an infant in his mouth is from Gaza," Running the picture through Google Reverse Image Search, the NM team found the image shared by Facebook users in January 2024. According to the posts, the picture was taken in front of Mymensingh Medical College in Bangladesh. The post can be seen here and here. On searching further, we found a report by BanglaNews on January 16, 2024, saying that the deputy director of the hospital, M. Zakiur Rahman, clarified that the picture had been in circulation for years. Another report by Protidiner Sangbad says netizens claimed that the picture was taken near Mymensingh Medical College (MMEC) Hospital as some of the images showed a tin fence which resembled the construction work that was underway in January near the hospital. Similar reports was also published by another local media outlet stating that the image was circulating online with a claim that it was taken near the MMEC Hospital area. ",False,True,False,False
4,4,misbar.com,https://www.misbar.com/en/factcheck/2024/12/30/this-footage-does-not-show-and-aerial-footage-of-gaza-but-zamalka-in-syria,This Footage Does Not Show Aerial Footage of Gaza But Zamalka ...,2024-12-30T10:26:01Z,2024-12-30T10:26:01Z,Gaza,misleading,https://assets.misbar.com/styles/large_870x490/public/218e6fd5e84f5220e65b83e8bc2470036f4a9b9b.jpg.webp?itok=jePQTGS7,"This is Gaza, completely destroyed. It looks like hell on earth."," Aerial Footage Shows the Destruction in Zamalka City, in Syria. The video includes an Arabic phrase, which upon translation, indicates that the footage does not show Gaza. After selecting the text, using the translation option in Google reverse image search, Google Translate showed that the Arabic phrase means, ‚ÄúAerial shots of the town of Zamalka in the Damascus countryside,‚Äù not Gaza as claimed. The video ends with the logo of the Syria TV channel, casting further doubt on the claim's validity. Upon searching for the keywords ‚ÄúZamalka‚Äù and ‚ÄúSyria TV‚Äù in Arabic, Misbar‚Äôs team found the same video published on the Syria TV YouTube channel on Dec. 16, 2024, titled: ‚ÄúAerial footage of the town of Zamalka in the Damascus countryside shows the massive destruction of its buildings.‚Äù The video showed several aerial shots of the Syrian city Zamalka, 10 kilometers away from the capital Damascus, where the city is completely destroyed and deserted.",False,True,False,False
6,6,checkyourfact.com,https://checkyourfact.com/2024/11/01/fact-check-does-viral-tweet-show-recent-hamas-attack-on-israeli-tank-unit/,FACT CHECK: Does Viral Tweet Show Recent Hamas Attack on Israeli Tank Unit?,2024-10-25T00:00:00Z,2024-11-01T13:23:41Z,Gaza,False,https://pbs.twimg.com/media/GaurxAAWQAADmgV?format=jpg&name=small,"A viral tweet claims that Hamas fighters successfully ambushed an Israeli tank unit near Jabalia camp in northern Gaza, destroying multiple vehicles and injuring or killing their crews."," Iran is preparing to strike Israeli target from Iraqi territory, according to the Jerusalem Post. The plans are in response to attacks by Israel on Iranian soil, marking an escalation in the conflict, the outlet reported. The image accompanying this tweet is not recent. It originates from October 7, 2023, and has been repurposed to support claims of recent attacks. The specific details of the alleged ambush, including the use of bulldozers and explosives, have not been confirmed by credible sources. Independent military analysts and organizations tracking the conflict have not corroborated the incident or reported similar activity matching this description in recent days. Furthermore, while it is possible for older images to resurface in military contexts, this image has been previously used in unrelated posts, weakening the tweet‚Äôs credibility. Notably, accounts such as @sentdefender, @ozraeliavi, and @Global_Mil_Info, highlight that the accompanying photo lacks context and should not be used as evidence of the tweet‚Äôs claims, or at least confirm that the photos are not new. ",False,True,False,False
7,7,factly.in,https://factly.in/old-photo-from-yemen-is-being-falsely-shared-as-the-death-of-a-man-in-gaza-following-an-israeli-attack/,Old photo from Yemen is being falsely shared as the death of a man in Gaza following an Israeli attack,2024-10-22T00:00:00Z,2024-10-24T00:00:00Z,Gaza,FALSE,https://scontent-lga3-2.xx.fbcdn.net/v/t39.30808-6/484976983_982394174076113_3153136584431830363_n.jpg?_nc_cat=105&ccb=1-7&_nc_sid=833d8c&_nc_ohc=CAmBrxLwtGsQ7kNvwE6CXeg&_nc_oc=AdmxwuRKSrBhdP1GV6SurDuIfTnGqdQd8roQoLqOvBb52IhbPs1Z3D14dfWOcBwfdRw&_nc_zt=23&_nc_ht=scontent-lga3-2.xx&_nc_gid=LBEtsXi0_su5YsSC_okERQ&oh=00_AfIUvnbX0vb00tPHdnosbDg42lYIH4x0wTUhqUwSQMzxoA&oe=6828FE62,The photo of a dead man surrounded by dogs is from Gaza and killed by Israel.," According to reports from Al Jazeera and other media outlets, the man in the image is Ismail Muhammad Hadi, who lived on the streets of Ebi Market in Yemen. He was known for feeding dogs and suddenly died of a heart attack at night. The dogs surrounded him until people arrived at the market. This image has no connection to Gaza or Israel. Hence, the claim is FALSE.",False,True,False,False
8,8,newsmobile.in,https://www.newsmobile.in/nm-fact-checker/fact-check-this-image-claiming-to-show-journalist-from-gaza-is-ai-generated/,Fact Check: Viral Image Claiming To Show Body Of A Journalist From Gaza Is Not Real But AI-generated,2024-10-14T00:00:00Z,2024-10-16T00:00:00Z,Gaza,Misleading,https://assets.misbar.com/styles/large_870x490/public/35998a267b8f7068ed65fdcb3c45e90759cf7285.jpg.webp?itok=89WVBn40,Image shows a journalist's body in Gaza,"NewsMobile fact-checked the image, and found it to be AI-Generated. Putting the image through Reverse Image Search, the NM team could not find any related reports except few discrepancies in the image. The word ‚ÄúPRESS‚Äù on the vest worn by the individual appears distorted, there is also an apparent discrepancy in the fingers. For further confirmation, putting the image through the AI Image detector tools ‚Äî Hive Moderation and Hugging Face ‚Äî we found the image was digitally manipulated.",False,False,True,False
9,9,logicallyfacts.com,https://www.logicallyfacts.com/en/fact-check/old-photos-gaza-linked-to-israeli-attack-in-lebanon,Old photos from Gaza falsely linked to Israeli attack on Lebanon,2024-10-21T00:00:00Z,2024-10-22T00:00:00Z,Gaza,Misleading,https://media.gettyimages.com/id/1715817216/photo/topshot-palestinian-israel-conflict.jpg?s=2048x2048&w=gi&k=20&c=JmVVYIYk_2vxGOewXnsFgjaNRf6zaSiBXw7ok_37SQA=,Social media posts claiming to show recent Israeli attack on Lebanon.," We found the second photo published on the Getty Images website and credited to AFP's Mahmud Hams. According to the caption, the photo was taken in Gaza on October 9, 2023. The photo caption read, ""A fireball erupts from an Israeli airstrike in Gaza City on October 9, 2023. The death toll from the unprecedented assault by Palestinian militant group Hamas on its territory rose to 900 in Israel, which has retaliated with a withering barrage of strikes on Gaza, raising the death toll there to 687."" The same photo was also published by the South China Morning Post in a report credited to AFP. ",False,True,False,False
10,10,misbar.com,https://www.misbar.com/en/factcheck/2024/07/15/photo-of-a-woman-from-south-lebanon-shared-in-relation-to-gaza,Photo of A Woman From South Lebanon Shared in Relation To Gaza,2024-07-15T21:02:14Z,2024-07-15T21:02:14Z,Gaza,misleading,https://assets.misbar.com/styles/large_870x490/public/77f8bd01c9ec98c8aaa19f14310ae199a0d0f879.jpg.webp?itok=1Mn3BUAE,Mercava Pride Zionist Industry Laundry clothesline in Gaza.," 2000 Photo of Israeli Tank Left Behind in South Lebanon Resurfaces Online. Contrary to social media users‚Äô viral claim, the image is not recent and was not shot in Palestine. The image dates back to 2000 and depicts a woman using an Israeli tank that was left over in Lebanon after the IOF pulled back to the international border line, ending a 22-year occupation of south Lebanon. The image was published in a report on the website of the war-zone correspondent and political analyst of the events in the Middle East and North Africa Elijah J. Magnier, titled ""20 Years After the Unconditional Israeli Withdrawal from Lebanon: Where Are We? The report attributed the attached photo to Younes Zaatari, with a description indicating that it was taken in southern Lebanon in 2000. The photo was published on X, via a similar name ‚ÄúYounes Al-Zaatari‚Äù with a description that reads ‚ÄúA photo taken by my father took of a woman mocking the Israeli arrogance in Southern Lebanon. I remember this photo and the taste of the Lebanese meat pie that was served by the old woman.‚Äù",False,True,False,False
11,11,voanews.com,https://www.voanews.com/a/fact-check-in-china-and-iran-state-media-used-trump-assassination-attempt-to-accuse-west-of-neglecting-gaza-crisis/7700762.html,"In China and Iran, state media used Trump assassination attempt to ...",2024-07-16T19:57:53Z,2024-07-16T19:57:53Z,Gaza,Misleading,,‚ÄúShocking. EU leaders responded more swiftly and strongly to assassination attempt at Trump than they responded at all to the mass killings of Palestinians in Gaza.‚Äù," While von der Leyen did not tweet about Gaza that day, the European Union‚Äôs top diplomat Josep Borrell did comment on the al-Mawasi camp bombing on July 13. He wrote: ‚ÄúAgain, an IDF [Israel Defense Forces] attack intended against Hamas targets seems to have provoked a carnage in Mawasi refugee camp, designated safe zone by Israel. Many civilians reportedly killed. Wars have limits enshrined in international law; end can‚Äôt justify all means We condemn any violation ‚Ä¶ Once again, we call for access to independent investigations and accountability [SIC], and for an end to the appalling situation of innocent civilians in Gaza.‚Äù Two hours later, Borrell wrote a post condemning the assassination attempt on Trump and the use of political violence. Borrell further condemned the ‚Äúclimbing human cost and wide-scale destruction caused in Gaza by this conflict‚Äù on July 15, calling the bombing of the Mawasi refugee camp ‚Äúunbearable‚Äù and ‚Äúunacceptable.",True,False,False,False
14,14,misbar.com,https://www.misbar.com/en/factcheck/2025/04/15/photos-show-recent-pro-palestine-protests-bangladesh-not-india,"Photos Show Recent Pro-Palestine Protests in Bangladesh, Not India",2025-04-15T07:19:56Z,2025-04-15T07:19:56Z,Israel,misleading,https://assets.misbar.com/styles/large_870x490/public/images/2025-04/picture1_5.png.webp?itok=Qq5ZllHa,"Thousands gathered at Sohrawardi Park in Kolkata, India, to show solidarity with the Palestinian people amid the ongoing Israeli assault on Gaza."," Photos Show Recent Pro-Palestine Protests in Bangladesh. Misbar‚Äôs investigation found that the photos, falsely claimed to show protests in India, capture pro-Palestine demonstrations in Bangladesh amid the ongoing Israeli war on Gaza. Misbar's team conducted a detailed reverse image search and traced the photos to Somoy TV, a Dhaka-based news outlet. Somoy TV originally uploaded the images on Facebook, stating they show protests held at Suhrawardy Udyan in support of Palestine. The post‚Äôs translated caption reads, ‚ÄúMarch for Gaza. Lakhs of people are gathering in processions at Suhrawardy Udyan. The entire area is filled with slogans.‚Äù Misbar‚Äôs team verified the location mentioned by several media outlets, Suhrawardy Udyan, and found that the park is based in Dhaka, Bangladesh, not India. By comparing the videos and photos shared of the pro-Palestine protests, Misbar's team found that they all feature the exact location in Bangladesh. Moreover, Misbar‚Äôs team searched for reports of recent pro-Palestine protests in India but found no evidence confirming that such demonstrations have occurred there recently.",False,True,False,False
16,16,misbar.com,https://www.misbar.com/en/factcheck/2025/04/14/photo-mummified-children-bolivia-falsely-circulated-dead-children-gaza,Photo of Mummified Children in Bolivia Falsely Circulated as Dead Children in Gaza,2025-04-14T05:34:56Z,2025-04-14T05:34:56Z,Israel,misleading,https://pbs.twimg.com/media/GoUZAEtWwAAS8E3?format=jpg&name=large,Two children were found two months later under the rubble of their home. No God bless Israel and its supporters.," Photo Shows Mummified Children in a Museum in Bolivia. Contrary to social media users‚Äô viral claim, the photo is unrelated to the ongoing Israeli genocidal campaign in Gaza. Misbar‚Äôs investigative team conducted a thorough reverse image search and traced the photo back to 2006. A Flickr user originally uploaded it, stating that the image shows two mummified Spanish children from the 1800s. The user noted that she took the photo on December 22, 2006, at the Mint Museum in Potos√≠, Bolivia. The original caption reads, ‚ÄúIt's always a surprise what you find in museums. In the Mint Museum in Potos√≠, Bolivia, I found two mummified Spanish children from the 1800s. Gruesome stuff.‚Äù Another Flickr user also uploaded a photo of the same mummified children, confirming the same details. The user stated that he took the picture at the Mint Museum in Potos√≠, Bolivia, on May 17, 2007. In addition, a tourism website published the same photo of the mummified children alongside other photos from the Mint Museum in Potos√≠, Bolivia.",False,True,False,False
17,17,leadstories.com,https://leadstories.com/hoax-alert/2025/04/fact-check-eminem-israel-june-2025.html,Fact Check: Eminem Did NOT Announce a Concert in Israel for June 2025,2025-04-10T12:27:29Z,2025-04-10T12:27:29Z,Israel,Fake Poster,https://pbs.twimg.com/media/Gn-ihSZXIAAgaQ8?format=jpg&name=medium,The rapper Eminem announced in April 2025 that he would hold a concert in Israel in June.," The poster used the European ""day/month/year"" format to refer to a June 1, 2025 concert. However, Eminem had made no such announcement, as of April 10, and the poster appeared to have been created by someone not affiliated with the performer. Lead Stories searched Eminem's official website, as well as his Facebook, Instagram, X and YouTube accounts for mention of Israel dates in 2025, and found no relevant entries or posts. If Eminem had confirmed or announced a concert in Israel for June 2025, it is inconceivable that that would not have been mentioned on any of those official channels. In an email, Dennis Dennehy, chief communications officer for AEG Presents and a spokesperson for Eminem, told Lead Stories the claim was ""untrue."" ",False,False,True,False
18,18,misbar.com,https://www.misbar.com/en/factcheck/2025/04/03/iranian-general-esmail-qaani-did-not-flee-israel,Iranian General Esmail Qaani Did Not Flee to Israel,2025-04-03T00:11:14Z,2025-04-03T00:11:14Z,Israel,fake,,Breaking: Iran's IRGC Quds Force commander Gen. Esmail Qaani is confirmed safe in Israel.," Misbar investigated the viral claim and found it to be fake. No Iranian, Israeli, or international media outlet, news agency, or credible source has reported or confirmed any information about Qaani's move to Israel. ",True,False,False,False
19,19,misbar.com,https://www.misbar.com/en/factcheck/2025/03/19/outdated-photo-shows-aftermath-israeli-airstrike-lebanon-not-gaza,"Outdated Photo Shows Aftermath of Israeli Airstrike on Lebanon, Not Gaza",2025-03-19T13:06:59Z,2025-03-19T13:06:59Z,Israel,misleading,https://pbs.twimg.com/media/GRBjLqcXsAAy8Ne?format=jpg&name=medium,At least four Palestinians were killed in a heavy Israeli bombardment on Deir al-Balah in the southern Gaza Strip.," Old Photo Shows Aftermath of Israeli Airstrike on Nabatieh, Lebanon. Contrary to social media users‚Äô viral claim, the photo is unrelated to the recent Israeli airstrike on the Gaza Strip. A thorough reverse image search traced the image back to June 2024, capturing an Israeli airstrike on a residential neighborhood in Nabatieh, South Lebanon. The Cradle news outlet posted the photo on X on June 26, 2024, with the caption: ‚ÄúBREAKING | Israel bombs a residential neighborhood in the city of Nabatieh in South Lebanon, destroying an entire building. In addition, the daily newspaper L'Orient Today used the same photo in a published article on June 27, 2024, reporting on the Israeli bombing of a residential neighborhood in Nabatieh.‚Äù",False,True,False,False
21,21,misbar.com,https://www.misbar.com/en/factcheck/2025/03/05/image-does-not-show-zelenskyy-signing-bombs-gaza,This Image Does Not Show Zelenskyy Signing Bombs for Gaza,2025-03-05T13:43:12Z,2025-03-05T13:43:12Z,Israel,misleading,https://assets.misbar.com/styles/large_870x490/public/images/2025-03/glezjqnxwaaaxga.jpg.webp?itok=IxyJQHka,"Ukrainian President Volodymyr Zelenskyy signing bombs, claiming he was signing Israeli bombs intended for use against Palestinians in Gaza."," Image of Zelenskyy at a Plant Producing Ammunition for Ukraine. Misbar‚Äôs team found that the image shows Zelenskyy signing American bombs produced for Ukraine. A reverse image search led to a YouTube video published by AFP News Agency in September 2024. The video, which included frames similar to the viral image, showed Zelenskyy visiting an ammunition factory in Scranton, Pennsylvania. According to AFP‚Äôs description, Zelenskyy visited the United States at the time to seek permission to use Western weapons against targets in Russia. At the 0:56 timestamp, a frame similar to the viral image can be seen. Several news outlets, including BBC and Yahoo News, featured the viral image in reports on Zelenskyy‚Äôs September 2024 visit to the United States, where he toured the Scranton Army Ammunition Plant and discussed his ‚Äúvictory plan‚Äù to pressure Russia into a diplomatic resolution. AP News also featured the image in a report on Zelenskyy‚Äôs visit to the Scranton Army Ammunition Plant. The outlet stated that his visit aimed to thank workers producing one of the most needed types of ammunition for Ukraine in its war with Russia. AP reported that Zelenskyy‚Äôs visit to the ammunition plant was intended to thank workers for manufacturing weapons for Ukraine. Finally, Briscs News published the image in September 2024, captioning that it showed Zelenskyy signing bombs intended for use against Russia. According to the official website of the Ukrainian president, the Army Ammunition Plant is fully dedicated to meeting Ukraine‚Äôs ammunition needs, particularly for producing 155mm shells. ",False,True,False,False
22,22,misbar.com,https://www.misbar.com/en/factcheck/2025/03/04/erdogan-did-not-urge-us-control-israel-over-syria-conflict,Erdogan Did Not Urge U.S. To Control Israel Over Syria Conflict,2025-03-04T12:40:20Z,2025-03-04T12:40:20Z,Israel,fake,,"A statement attributed to Turkey's President Erdogan, allegedly warning Israel"," No Record of Turkish President Making Such a Statement. Contrary to social media users‚Äô viral claim, Misbar‚Äôs team found no evidence supporting the viral claim that Turkish President Recep Tayyip Erdogan threatened Israel or urged the United States to control its ally over its intervention in southern Syria. Misbar‚Äôs investigative team reviewed Erdogan‚Äôs official X account and found no such statement. In addition, Misbar‚Äôs team searched the Turkish presidency‚Äôs Directorate of Communications but found no official statements mentioning the U.S. or Israel in connection with the recent incursion into southern Syria.",True,False,False,False
23,23,misbar.com,https://www.misbar.com/en/factcheck/2025/03/01/image-2021-israeli-airstrike-gaza-shared-recent-israeli-bombing-syria,Image of 2021 Israeli Airstrike on Gaza Shared as Recent Israeli Bombing in Syria,2025-03-01T11:41:50Z,2025-03-01T11:41:50Z,Israel,misleading,https://pbs.twimg.com/media/GkqeNZwWkAAjWOc?format=jpg&name=900x900,"NOW: Israel is violently bombing the surroundings of Southern Damascus, destroying its last remaining army depots."," 2021 Israeli Airstrike on Gaza. Misbar's team found through reverse image search that the photo shows an Israeli airstrike on Gaza in April 2021. The photo was originally published by Agence France-Presse (AFP) and taken by the photographer Said Khatib. According to AFP‚Äôs caption, the photo showed the explosion of an Israeli airstrike on Rafah, a city in southern Gaza Strip. The Israeli Occupation Forces stated that the airstrike was conducted in response to a rocket launch from the Strip. The photographer also shared the photo to his Facebook account in April 2021, along with another picture of the same airstrike captured at a different moment. Additionally, several reputable outlets featured the photo in reports on the airstrike or analyses on the situation between Hamas and Israel, such as Haaretz and Middle East Eye. Middle East Eye reported that Israel struck two ‚Äútraining sites‚Äù in southern Gaza, which came hours after a rocket was fired into southern Israel. The rocket attack on Israel struck open ground and caused no casualties or damage, according to an Israeli spokesperson. It bears noting that the photo was previously misrepresented as an airstrike on Syria. In October 2022, the Jewish Press, an American news outlet, shared the photo falsely claiming that it showed an Israeli rocket attack on Damascus.",False,True,False,False
24,24,misbar.com,https://www.misbar.com/en/factcheck/2025/02/27/photo-not-related-israeli-forces%E2%80%99-recent-incursion-southern-syria,This Photo Is Not Related To Israeli Forces‚Äô Recent Incursion Into Southern Syria,2025-02-27T11:57:46Z,2025-02-27T11:57:46Z,Israel,misleading,https://assets.misbar.com/styles/large_870x490/public/images/2025-02/picture1_14.png.webp?itok=1MMyAh4Q,"Israeli occupation forces enter the town of Tasil in the countryside of Daraa on foot. While in the Muhajireen area in Homs, Al-Jolani elements arrest dozens of young men."," Old Photo Shows Israeli Occupation Forces in the West Bank. Contrary to social media users‚Äô claim, the photo is unrelated to the recent Israeli aggression in southern Syria. Misbar‚Äôs investigative team found that the photo had been circulated multiple times in the past, always shared as depicting Israeli occupation forces in the West Bank, Palestine. Nawa, a local outlet, uploaded the photo in an article on November 30, 2014, reporting on the Israeli military arresting citizens in the West Bank. Alresalah news outlet also published the same photo on November 10, 2015, labeling it as an archive photo in the caption. In addition, the Palestinian Information Center published the same photo in July 2017 while reporting on the Israeli occupation forces‚Äô arrest of a former prisoner.",False,True,False,False
27,27,checkyourfact.com,https://checkyourfact.com/2025/02/06/fact-check-iron-dome-intercept-ballistic-missiles/,FACT CHECK: Does The Iron Dome Intercept 90% Of Ballistic Missiles?,2025-01-28T00:00:00Z,2025-02-06T18:16:13Z,Israel,Unsubstantiated,,NewsNation and the New York Post reported that the Iron Dome intercepted 90% of ballistic missiles fired at Israel.," President Donald Trump signed an executive order directing Secretary of Defense Pete Hegseth to develop a missile defense plan to defend the United States from ballistic missiles, hypersonic missiles and other aerial threats, according to DefenseScoop. NewsNation and the New York Post reported on Trump‚Äôs missile defense executive order. NewsNation reported that ‚ÄúIron Dome was 90% effective against ballistic missiles fired at Israel by Iran in October, which has prompted Trump to order the planning of a ‚Äòstate-of-the-art‚Äô missile defense system to be designed in the United States.‚Äù The New York Post reported that the Iron Dome ‚Äúblasts ballistic missiles out of the sky with an accuracy rate of roughly 90%.‚Äù Both of these claims are misleading. The Iron Dome is designed to shoot down rockets and other short-range munitions, such as mortar shells, according to the BBC. It is true that it has been reported that the Iron Dome has shot down 90% of rockets fired, per the BBC. However, the Iron Dome is not used to intercept ballistic missiles, per the BBC. Israel uses David‚Äôs Sling and the Arrows 2 and 3 systems to shoot down cruise and ballistic missiles, per the outlet. Furthermore, Israel used the Arrows 2 and 3 missile defense systems to intercept Iranian ballistic missiles during Iran‚Äôs October 2024 attack, according to Axios. In addition, the USS Bulkeley and USS Cole fired a dozen anti-missile interceptors, per the outlet. ",True,False,False,False
29,29,misbar.com,https://www.misbar.com/en/factcheck/2025/01/27/photo-of-vegetables-shelved-on-a-tank-is-from-syria-not-gaza,"Photo of Vegetables Shelved on a Tank Is from Syria, Not Gaza",2025-01-27T15:59:58Z,2025-01-27T15:59:58Z,Israel,misleading,https://foto.haberler.com/haber/2024/12/15/suriye-de-rejim-coktu-ozgurluk-safagi-operasyonu-18159664_4716_m.jpg,"A vegetable stand in #Gaza with a Merkava tank, the pride of the Israeli army, as its decor."," Photo Shows Syrians Using al-Assad Regime Tank to Sell Vegetables. An X user uploaded the photo on December 15, 2024. The photo‚Äôs caption reads, ‚ÄúAbandoned Syrian Army Tank Has Been Turned Into A Vegetable & Fruit Stand In Damascus.‚Äù Moreover, a local news page shared the same photo on December 15, 2024. Reports indicate that the photo was taken in Syria and shows a tank previously used by Assad‚Äôs forces, now repurposed by a local vegetable vendor to display goods. According to Al Arabiya, the photo captured the unexpected transformation of a tank in Douma, on the outskirts of Damascus, into a fruit and vegetable stand. The seller arranged boxes of vegetables neatly on top of the tank, which he parked by the roadside in his search for livelihood. ",False,True,False,False
30,30,thip.media,https://www.thip.media/health-news-fact-check/is-israeli-pm-netanyahu-suffering-from-prostate-cancer/97476/,Fact Check: Is Israeli PM Netanyahu suffering from prostate cancer?,2025-01-08T18:30:00Z,2025-01-09T05:49:56Z,Israel,False,,Israeli PM Netanyahu is suffering from prostate cancer," No, Netanyahu‚Äôs medical team has not confirmed a cancer diagnosis. The director of the urology department at Jerusalem‚Äôs Hadassah Medical Center, Ofer Gofrit, publicly stated that Netanyahu‚Äôs surgery on December 29, 2024, went well and that there was ‚Äúno suspicion‚Äù of malignancy or cancer. This directly contradicts the claim of a cancer diagnosis. What was Netanyahu‚Äôs actual medical condition? Netanyahu‚Äôs medical condition was related to benign prostatic hyperplasia (BPH), a non-cancerous enlargement of the prostate. This condition is common in older men and can cause urinary issues but does not involve cancer. Netanyahu underwent surgery to remove his prostate as a result of this benign enlargement. His office confirmed this diagnosis, further debunking the cancer claim. Why would a cancer diagnosis be publicly known? If Netanyahu had been diagnosed with advanced prostate cancer, particularly a high-grade cancer like grade 3, it would have been widely reported in the media. Health updates concerning high-profile figures like Netanyahu are typically publicised, especially when it involves a serious condition like cancer. However, no credible news outlets or official statements have reported that Netanyahu has been diagnosed with cancer. What did Netanyahu‚Äôs office and medical team say? Netanyahu‚Äôs office issued a statement confirming that he was treated for a urinary tract infection caused by benign prostate enlargement. Additionally, Netanyahu‚Äôs medical team confirmed that the surgery was related to BPH, not cancer. ",True,False,False,False
31,31,usatoday.com,https://www.usatoday.com/story/news/factcheck/2024/12/13/new-york-times-headline-luigi-mangione-anti-israeli-fact-check/76965562007/,New York Times didn't publish 'anti-Israeli' headline about Luigi ...,2024-12-13T00:00:00Z,2024-12-13T23:25:47Z,Israel,Altered,https://pbs.twimg.com/media/GepSmuIaYAAl3mQ?format=jpg&name=900x900,Image shows headline calling 'glorification' of CEO shooter ‚Äòanti-Israeli‚Äô," The image was digitally edited to change the headline. A New York Times spokesperson said the newspaper never published it. The New York Times did not publish an article with that headline, spokesperson Brian Latu told USA TODAY. The newspaper also said in an X post that it is a fabrication. The screenshotted image in the post is an edited version of the headline of a Dec. 12 opinion piece that reads, ‚ÄúWhat the Glorification of Luigi Mangione Reveals About America.‚Äù Its subhead, which describes ‚Äúa new era of rage‚Äù in the U.S., matches the one in the Threads post.",False,False,False,True
33,33,newsmeter.in,https://newsmeter.in/fact-check/israeli-tanks-spotted-outside-damascus-no-image-is-from-gaza-in-2023-740432,"Fact Check: Israeli tanks spotted outside Damascus? No, image is ...",2024-12-11T05:16:17Z,2024-12-11T05:16:17Z,Israel,False,https://pbs.twimg.com/media/GebYSWPagAALWdo?format=jpg&name=medium,The image shows the Israeli army reaching Damascus in Syria.," NewsMeter found that the claim is false. This is an old photo from Gaza. A reverse image search led us to a report by DW titled ‚ÄòIsrael gives 24 hours to evacuate Gaza residents‚Äô, published on October 13, 2023. The report featured the same image with the caption: ‚ÄúIsrael gives 24 hours to evacuate Gaza residents. Photo: Ohad Zwigenberg/AP Photo/picture alliance.‚Äù The report stated that the Israeli military had issued a 24-hour evacuation notice to over 1.1 million residents of northern Gaza, instructing them to move to the southern Gaza Strip. We also found the original image from the Associated Press (AP) archives. The description provided by AP confirmed that the photo shows Israeli tanks heading toward the Gaza Strip border in southern Israel, not Damascus. The image was taken during heightened conflict along the Gaza border in October 2023.",False,True,False,False
34,34,factly.in,https://factly.in/an-image-of-15-year-old-diaa-al-adini-injured-in-an-august-2024-israeli-strike-is-being-falsely-shared-as-a-hamas-militant/,"Photo of 15-year-old Diaa Al-Adini, injured in an August 2024 Israeli ...",2024-11-10T00:00:00Z,2024-11-11T00:00:00Z,Israel,FALSE,https://scontent-lga3-2.xx.fbcdn.net/v/t39.30808-6/471855997_122177708360057330_6984253352805890968_n.jpg?_nc_cat=101&ccb=1-7&_nc_sid=833d8c&_nc_ohc=6YXOeXDi6lEQ7kNvwFphcO2&_nc_oc=AdmQWSP33G_7Uz-_10JCwwYWNIkPZ3QBzoUvxd0l7Ms40eKq_ZuX-c4BmBCIRSTe_OQ&_nc_zt=23&_nc_ht=scontent-lga3-2.xx&_nc_gid=-mO1pXuM22WOfFleZEfd0w&oh=00_AfIOyDm77_GEiZentOXnqY_5nRX9MTQxlHjE6X6wADL7cQ&oe=682922A3,"Photo Mohammad Mahroof, a Hamas militant from Gaza, accused of killing Israeli children in 2023. In 2024, Israel caught and disarmed him and left him alive."," A Google lens search of the viral image led to several reports (here, here, and here) from August 2024 featuring the same boy in the viral image identifying the boy as 15-year-old Palestinian Diaa Al-Adini. He had both arms amputated after being injured in an Israeli strike on 13 August 2024. Following the attack, Adini was transferred from Al-Aqsa Hospital due to an Israeli evacuation order. He then sought refuge at an American field hospital. Many Palestinians, like Adini, were displaced during the ongoing conflict, struggling to find medical care and safety amidst the chaos. Further investigation led us to the Alamy image website, where the same boy‚Äôs photo was uploaded (here and here) with the description ‚ÄúPalestinian teenager, Diaa Al-Adini, severely wounded in an Israeli army attack that targeted an apartment in the al-Qastal Towers east of Deir al Balah, Gaza. He lost both his arms. Due to medical shortages in hospitals, doctors are forced to amputate the limbs of many patients to save their lives.‚Äù We also found the same image on the Getty Images website, with the description: ‚ÄúPalestinian teen loses both arms in Israeli attack, struggles for survival amid medical crisis in Gaza.‚Äù He was identified as teen Diaa Al-Adini here as well, and not as Mohammad Mahroof, a Hamas militant from Gaza. During our search for Hamas militant named Mohammad Mahroof, we found News reports (here and here) that consist of lists of Militants, Hezbollah and Hamas members Israel has killed since 07 October 2023, but none of these lists include a militant by the name Mohammad Mahroof. To sum up, photo of 15-year-old Diaa Al-Adini, injured in an August 2024 Israeli strike is shared with a false claim of him being a Hamas militant.",False,True,False,False
36,36,newsmeter.in,https://newsmeter.in/fact-check/no-yair-netanyahu-was-not-assassinated-in-drone-attack-on-israeli-pms-home-737767,"Fact Check: No, Yair Netanyahu was not assassinated in drone attack on Israeli PM‚Äôs home",2024-10-21T12:08:42Z,2024-10-21T12:08:42Z,Israel,False,,"Netanyahu‚Äôs son Yair was killed in a drone attack that targeted the Israeli PM‚Äôs home in Caesarea, Israel."," NewsMeter found that the claim is false. A keyword search led us to a report by BBC titled, ‚ÄòNetanyahu says he is undeterred after reported drone attack on his home‚Äô, dated October 20, 2024. According to the report, a drone was used to target the Israeli PM‚Äôs private residence in the coastal town of Caesarea on Saturday morning. Neither Netanyahu nor his wife were present, and no injuries were reported. Further, we found another report by the Times of Israel titled: ‚ÄòIsrael vows Iran will ‚Äòpay‚Äô for Hezbollah attack on Netanyahu home; Tehran distances itself‚Äô, dated October 20, 2024. No casualties were reported. According to the report, on Saturday morning, three drones were allegedly deployed from Lebanon in an assault aimed at the prime minister‚Äôs private home. Two of them were stopped near Rosh Hanikra and Nahariya, while the third detonated in Caesarea, a coastal town famous for its luxury homes and ancient Roman remains. At the time, the prime minister and his wife were away from the residence. We found similar updates in reports by India TV, Mint and India Today. None of them mentioned any casualties. Further, we checked Yair‚Äôs social media handles and analysed his online activity. We found that Yair Netanyahu's account is active on X. His latest activity was seen on October 21 with a repost of an interview of a Hezbollah leader. We also found Yair‚Äôs Instagram account. Although his last post was on October 7, he shared his latest status 10 hours ago. We checked Yair‚Äôs Facebook account; his last activity was on October 8. Hence, the claim that the Hezbollah drone attack on the Israeli PM‚Äôs home in Caesarea killed his son Yair Netanyahu is false.",True,False,False,False
37,37,misbar.com,https://www.misbar.com/en/factcheck/2024/10/15/this-image-shows-tents-engulfed-in-flames-after-an-israeli-airstrike-not-the-aftermath-of-an-iranian-attack-on-israel,"This Image Shows Tents Engulfed in Flames After an Israeli Airstrike, Not the Aftermath of an Iranian Attack on Israel",2024-10-15T13:06:19Z,2024-10-15T13:06:19Z,Israel,misleading,https://assets.misbar.com/styles/large_870x490/public/cef64c9d112640c2b75d45bb87c8fa67b6d23e0c.jpg.webp?itok=GY_ujwdd,BREAKING: The UK has announced sanctions against several Iranian senior military figures and organisations following Iran's multiple rocket attack on Israel on 1 October.," Israeli Airstrikes Spark Deadly Fire at Al-Aqsa Martyrs Hospital. The circulating image depicts tents engulfed in flames at Al-Aqsa Martyrs Hospital on the night of October 14, following an Israeli airstrike that resulted in the deaths of four individuals and injuries to dozens more. The photo was taken by Palestinian journalist Ramadan Abd for Reuters. These scenes were reported by Arab and Western media and captured by journalists and activists in Gaza, who documented the charred bodies of the victims from the Israeli strike that targeted displaced individuals inside their tents. Eyewitnesses stated that medical teams evacuated several injured people while large portions of their clothing were ablaze. They noted that the fire burned for 45 minutes before civil defense teams successfully brought it under control. ",False,True,False,False
38,38,factchecker.gr,https://www.factchecker.gr/2024/10/10/did-israeli-warplanes-deliberately-bomb-the-french-totalenergies-facilities-in-beirut/,Has Israel deliberately targeted French multinational company ...,2024-10-06T00:00:00Z,2024-10-10T00:00:00Z,Israel,DISINFORMATION,https://fesnews.media/wp-content/uploads/2024/10/Capture-decran-2024-10-05-225820-660x330.jpg,Israel has targeted *FRENCH* Multinational Company TotalEnergies gas station in Beirut. This comes after Emmanuel Macron BANNED military aid to Israel.," However, there are no reliable media reports or official sources confirming the bombing of TotalEnergies facilities, and the company has not made any related announcements as of October 9. The only mention comes from Al Jazeera, which cites Lebanon‚Äôs National News Agency (NNA) and claims that a gas station was hit, without specifying if it belonged to TotalEnergies. Dahieh is a densely populated area in the southern suburbs of Beirut, northeast of Rafic Hariri International Airport, as shown on the map below: In the same area, there are numerous TotalEnergies gas stations. According to the Liveuamap, there were several Israeli strikes in Dahieh on October 3, 2024: However, none of them appear to have hit a TotalEnergies gas station. We have contacted the TotalEnergies press office via email for further information and will update the article once we receive a response.",False,True,False,False
39,39,logicallyfacts.com,https://www.logicallyfacts.com/en/fact-check/fake-quote-about-israel-attributed-to-actor-mel-gibson,Fake quote about Israel attributed to Mel Gibson,2024-10-07T00:00:00Z,2024-10-09T00:00:00Z,Israel,Fake,https://scontent-cph2-1.xx.fbcdn.net/v/t39.30808-6/394243494_10159183005636402_818757540042937199_n.jpg?_nc_cat=104&ccb=1-7&_nc_sid=833d8c&_nc_ohc=0fJewTc0YH4Q7kNvwG3crMH&_nc_oc=AdlMwgql73Bt32XypjTO1ZadiOfq3NGMsTM9C3Ry5w6VanmC5D5d38ClTS2Y4cjWLuM&_nc_zt=23&_nc_ht=scontent-cph2-1.xx&_nc_gid=DX27r81DZxpKpXOTskvCsQ&oh=00_AfInOXy2Pw03EsNeMQyQ9A1BeF5B0COGJswTEeMp3-2MtA&oe=682E8C92,Mel Gibson shared a social media post stating Israel will end soon," Although the purported post's format resembles a Facebook layout, Logically Facts did not locate any active official accounts for Mel Gibson on Facebook, X, or Instagram. Our search for recent reports regarding Gibson‚Äôs alleged statement yielded no relevant results. In 2006, Gibson apologized for antisemitic remarks made during his arrest for drunk driving in Los Angeles. Aside from that incident, there have been no recent statements from him concerning Israel amid the ongoing conflict involving Hamas and Iran. We have contacted Gibson‚Äôs publicist for a comment and will update the story upon receiving a response. It is noteworthy that this same screenshot went viral in 2023 and was debunked by Reuters and AP News. At that time, Gibson‚Äôs representative, Alan Nierob, confirmed, ‚ÄúIt is a fake post, as Mr. Gibson does not have any social media platforms.‚Äù",False,False,False,True
40,40,checkyourfact.com,https://checkyourfact.com/2024/10/08/fact-check-did-israel-just-have-an-earthquake/,FACT CHECK: Did Israel Just Have An Earthquake?,2024-10-05T00:00:00Z,2024-10-08T17:05:49Z,Israel,False,,A post made on X claims that Israel experienced an earthquake on October 5th.," The claim is false. USGS data shows that no earthquake occurred in Israel on or shortly before October 5th. No credible sources have reported that an earthquake occurred near Tel Aviv around October 5th. The EMSC made a post on X that verifies there is no data that indicates an earthquake occurred in Israel around October 5th. The caption reads, ‚Äú#Israel 19 min ago‚ö† We have no data confirming this crowdsourced detection. üëâ It likely was a false detection. No more info will be displayed in the thread. ‚Äù When asked for comment, EMSC told Check Your Fact, ‚Äúwe stress the preliminary and unconfirmed nature of this detection. The second message in the thread confirms that this detection has not been confirmed.‚Äù Check Your Fact has also reached out to USGS for comment. Due to the tension between Israel and Iran, many social media users have attributed the false detection to an alleged Iranian nuclear test. No reputable sources have reported that Iran conducted a nuclear test on or close to October 5th. ",True,False,False,False
42,42,misbar.com,https://www.misbar.com/en/factcheck/2024/10/06/netanyahu-did-not-flee-to-poland-amid-irans-attack,Netanyahu Did Not Flee to Poland Amid Iran's Attack,2024-10-06T09:16:13Z,2024-10-06T09:16:13Z,Israel,fake,,Netanyahu lifted off out of Israel abandoning his people to Irans ballistic missiles.," Netanyahu‚Äôs Travel Claims Disproved During Iranian Missile Attack. Misbar‚Äôs team searched the viral claim and did not find any credible news media reporting on it. On the contrary, the latest travel by Netanyahu that could be found on news outlets was before the assassination of Hezbollah leader Hassan Nasrallah on September 27. The Israeli prime minister traveled to New York to trick Nasrallah into thinking that he was safe, as reported by The Telegraph. Furthermore, Netanyahu published a video on his X account on Wednesday at 12:52 a.m. Israel time, only a few hours after the Iranian missile attack. In the video, the Israeli prime minister was at the Security Cabinet giving a speech on the attack, thanking the U.S. and warning Iran that it made a big mistake, which further confirms that he did not leave Israel for Poland. ",True,False,False,False
45,45,misbar.com,https://www.misbar.com/en/factcheck/2024/09/26/this-photo-of-ramat-david-is-ai-generated,This Photo Of Ramat David Is AI-Generated,2024-09-26T19:43:07Z,2024-09-26T19:43:07Z,Israel,fake,https://pbs.twimg.com/media/GYIcZrTasAAZkyL?format=jpg&name=medium,Despite strict military censorship in Israel A photo of the Ramat David base that was attacked by Hezbollah at dawn today was leaked - unconfirmed. Israel does not acknowledge that anything happened at this air base. This base is the largest Israeli air base in the north and center of the country. ETReport," The image was not shared by any credible media outlet which reported on the strike of Ramat David, which raised suspicion of the authenticity of the image. After analyzing the photo, Misbar‚Äôs team found that the image in question is an AI-generated photo. There are several distortions and unclear outlines that could be noted in the photo.",False,False,True,False
47,47,misbar.com,https://www.misbar.com/en/factcheck/2024/09/17/photo-of-israeli-coffins-is-from-a-staged-funeral-representing-hostages-killed-in-gaza,Photo of Israeli Coffins Is From a Staged Funeral Representing ...,2024-09-17T16:00:37Z,2024-09-17T16:00:37Z,Israel,misleading,https://assets.misbar.com/styles/large_870x490/public/660dc61c2caed872fd5f3c379ae0ff5c2dc09fe6.jpg.webp?itok=hFjYg5Vg,"BREAKING: 22 dead and 74 injured among Israels Unit 8200 in Hezbollahs 25 August retaliation, European security sources tell Al-Mayadeen. Iron dome failed by Hezbollah missiles."," Israeli Protesters Carry Coffins During Protest in Tel Aviv. Contrary to the viral claim circulating on social media, the photo does not depict real coffins of Israeli soldiers amid the ongoing military campaigns. Similar images, showing the same location and individuals, were posted by The Jerusalem Post on X, identifying the scene as a protest at Habima Square in Tel Aviv. Misbar‚Äôs investigative team conducted a thorough comparison of the circulating image with the one shared by Israeli media and confirmed several similarities, including protesters wearing yellow, holding photos of Israeli hostages, the Israeli flag, objects on the building roof, and the presence of 27 coffins, arranged in three rows of nine. Sky News also shared a video showing Israeli protesters carrying coffins, reporting that the coffins represent hostages killed in Gaza. The outlet noted that widespread protests erupted across Israel following the recovery of six hostages' bodies from Gaza. Moreover, The Times of Israel shared a similar photo of the circulating photo showing the same location and number of coffins during the protest in Habima Square, Tel Aviv. ",False,True,False,False
49,49,usatoday.com,https://www.usatoday.com/story/news/factcheck/2024/09/13/us-israel-other-countries-with-911-memorials-fact-check/75209435007/,More than a dozen countries have 9/11 memorials | Fact check,2024-09-11T00:00:00Z,2024-09-13T21:28:48Z,Israel,False,https://pbs.twimg.com/media/GXOYY0SX0AAVfZO?format=jpg&name=medium,Israel is the only country outside the US with a 9/11 memorial," Numerous other countries, including Italy, England, Ireland and Australia, have 9/11 memorials. Israel is far from the only country outside of the U.S. with a memorial commemorating the terrorist attacks on Sept. 11, 2001, that killed 2,977 people. More than a dozen other nations have such sites, according to the Voices Center for Resilience and Memorial Mapping. Those nations include Italy, England, Ireland and Australia. ",False,True,False,False
51,51,thequint.com,https://www.thequint.com/news/webqoof/old-image-from-kochi-shared-as-massive-protest-against-israel-fact-check,"Fact-Check: Does This Image Show A Massive Protest Against Israel in Kerala? No, Claim is False!",2024-09-05T07:17:02Z,2024-09-05T07:17:02Z,Israel,False,https://pbs.twimg.com/media/DHa7KHBXgAAZnzH?format=jpg&name=medium,"Image shows a huge protest against Israel in Kochi, Kerala."," We ran a Google reverse image search on the image and came across a post on Leone's official X (formerly Twitter) handle featuring the same image as the viral claim. The actor uploaded it on 17 August 2017. Leone captioned the image, ""My car in literally a sea of love in Kochi Kerala!! Thanks #fone4"". According to reports, the crowd gathered to catch a glimpse of the actor who was in Kochi for the launch of the 'FONE4 store.' Several news reports by the News Minute, India Today and the Times of India from 2017 also featured the image in their reports.",False,True,False,False
52,52,misbar.com,https://www.misbar.com/en/factcheck/2024/08/26/this-image-does-not-show-bezalel-smotrich-taking-shelter-following-the-recent-hezbollah-attack,This Image Does Not Show Bezalel Smotrich Taking Shelter Following the Recent Hezbollah Attack,2024-08-26T08:18:31Z,2024-08-26T08:18:31Z,Israel,misleading,https://pbs.twimg.com/media/GV3sQjGaEAAxnhy?format=jpg&name=large,"Israeli Finance Minister Smotrich, who previously threatened to invade Lebanon, was found today taking shelter in Israeli bomb shelter."," Israeli Government Officials Took Shelter in Bunkers on October 7. Media outlets published the image on October 7, 2023, claiming it showed Israeli government ministers rushing to shelters after sirens sounded in Tel Aviv amid escalating exchanges of fire between Palestinian resistance groups and the Israeli military. This followed the launch of Operation Al-Aqsa Flood by Palestinian resistance factions on the same day.",False,True,False,False
53,53,misbar.com,https://www.misbar.com/en/factcheck/2024/09/19/photo-of-barcelona-president-with-israeli-representatives-predates-gaza-war,Photo of Barcelona President with Israeli Representatives Predates ...,2024-09-19T11:08:13Z,2024-09-19T11:08:13Z,Israel,misleading,https://pbs.twimg.com/media/FpHcIuMWAAICbmv?format=jpg&name=medium,FC Barcelona stands with Jewish terrorists and murder of civilians.," Outdated Photo of Barcelona President with Israel Embassy Representatives. Contrary to the claim circulating on social media, the photo is not recent. Misbar's investigative team traced the original image back to February 16, 2023, following FC Barcelona's announcement to sever ties with Israel. The original photo was posted by i24 News on X that same day, with the caption, ‚ÄúBarcelona football club invites Israeli embassy staff in Spain to match against Manchester United, in show of solidarity after Barcelona mayor's decision to cut ties with Tel Aviv over 'Israeli apartheid'‚Äù ",False,True,False,False
54,54,logicallyfacts.com,https://www.logicallyfacts.com/en/fact-check/false-no-this-photo-of-netanyahu-s-home-was-not-taken-by-a-hezbollah-drone,"No, this photo of Netanyahu's home was not taken by a Hezbollah drone",2024-08-18T00:00:00Z,2024-08-21T00:00:00Z,Israel,False,https://static-cdn.toi-media.com/www/uploads/2019/11/imgid15736_A-640x400.jpeg,Social media users sharing a photo of Israeli PM Benjamin Netanyahu's house claiming that the photo was taken by Hezbollah," On conducting a reverse image search, we found that several Israeli news outlets had published similar images in reports from 2024. A news report by The Times of Israel published on January 30, 2024, headlined, ""State approves repairs to pool in Netanyahu's Caesarea home ‚Äì report,"" carried the same photo of the property. The image captioned, ""Prime Minister Benjamin Netanyahu's private residence in Caesarea,"" was credited to Israeli public broadcaster KAN. The Times of Israel also used the photo for another article on Netanyahu's house published on July 19, 2024. Another report by Radio J, a French radio station that broadcasts information from the Jewish community, carried the same image in an article published on January 30, 2024, crediting the photo to KAN. Further, upon relevant Google searches in Hebrew, we found a video uploaded by KAN (archived here) on its YouTube channel on July 1, 2019, with the same visuals at the 0:07 timestamp. The video was originally titled in Hebrew and, when translated using Google, reads, ""The villa in Caesarea: The Netanyahu family insists that the state finance the sealing works."" ",False,True,False,False
55,55,leadstories.com,https://leadstories.com/hoax-alert/2024/08/fact-check-fake-photo-shows-five-dancing-israelis-on-september-11-2001-world-trade-center-attacks.html,"Fact Check: FAKE Photo Shows 'Five Dancing Israelis' On September 11, 2001, World Trade Center Attacks",2024-08-21T21:13:00Z,2024-08-21T21:13:00Z,Israel,AI Generated,https://pbs.twimg.com/media/GU-Xl3vWQAAH-RN?format=jpg&name=medium,Photo Shows Five Dancing Israelis On The Day Of The September 11 2001 US Attacks," A Google Lens reverse image search (archived here) revealed an August 15, 2024, X post (archived here) from the verified account of BBC Verify journalist Shayan Sardarizadeh. He reposted the fake photo and wrote: Never forget. Al-Qaeda was responsible for 9/11, and this is an AI-generated image. An additional search on the X platform for the image in the post revealed this August 14, 2024, X post (archived here) where X verified social media user @CensoredMen said in the caption above the image: Grok AI generates pretty accurate images. ",False,False,True,False
57,57,newsmobile.in,https://www.newsmobile.in/nm-fact-checker/fact-check-image-of-aircraft-carrier-falsely-claim-to-show-us-support-for-israel-in-red-sea/,Fact Check: Image of Aircraft Carrier Falsely Claim To Show US‚Äô Support For Israel In Red Sea,2024-08-06T00:00:00Z,2024-08-12T00:00:00Z,Israel,Misleading,"https://mapi.associatedpress.com/v2/items/aec826b873264281be793d9693377d89/preview/AP24174042544088.jpg?tag=app_id=1,user_id=undefined,org_id=undefined",U.S. aircraft carrier in the Red Sea to support Israel amidst tensions with Hezbollah," NewsMobile fact-checked the above claim, and found it to be MISLEADING. Doing a Reverse Image Search, the NM team spotted the image, published by the Associated Press on June 22, 2024, with a credit to Song Kyung-Seok. It depicts the nuclear-powered aircraft carrier Theodore Roosevelt (CVN 71) anchored in Busan, South Korea, on that date. The AP News report, which also included another image of the carrier from a different aerial perspective, stated that on June 22, 2024, the nuclear-powered US aircraft carrier Theodore Roosevelt (CVN 71) arrived in South Korea. This was part of a trilateral exercise involving the United States, South Korea, and Japan. The purpose of the exercise was to enhance regional stability and deter aggression in the Indo-Pacific region. CNN also covered this exercise on the same date. Thus, it is confirmed that the viral image does not depict a US aircraft carrier in the Red Sea supporting Israel, but rather a routine military exercise in South Korea.",False,True,False,False
58,58,misbar.com,https://www.misbar.com/en/factcheck/2024/08/08/israeli-channel-12-news-did-not-conduct-a-poll-on-allowing-soldiers-to-rape-prisoners,Israeli Channel 12 News Did Not Conduct a Poll on Allowing Soldiers to Rape Prisoners,2024-08-08T13:08:31Z,2024-08-08T13:08:31Z,Israel,fake,https://pbs.twimg.com/media/GUaKWTfWwAAGtPs?format=jpg&name=medium,Israel's Channel 12 asked a question in an Israeli public opinion poll: Do you agree with the claim that a soldier is allowed to rape a prisoner with his hands tied?," A Doctored Screenshot of Channel 12 News‚Äô 2022 Poll. Contrary to social media users‚Äô viral circulation of the image, the screenshot was photoshopped, altering the original captioning of the poll behind the Israeli channel‚Äôs presenter. The poll, originally conducted by Channel 12 in May 2022, asked whether respondents agreed with the claim that the government's support leans on terror supporters. The original video showing Channel 12's presenter announcing the poll results was uploaded to YouTube on May 28, 2022. The translated caption of the Hebrew question from the Channel 12 poll reads, ""Do you agree with the claim that the government relies on supporters of terrorism?"" Despite this, the image has been misrepresented on social media, with a false caption suggesting the poll asked if Israeli soldiers should be allowed to rape a prisoner.",False,False,False,True
60,60,logicallyfacts.com,https://www.logicallyfacts.com/en/fact-check/false-unrelated-image-shared-as-u-s-warships-heading-to-lebanon-to-support-idf,Unrelated image shared as U.S. warships heading to Lebanon to 'support IDF',2024-08-02T00:00:00Z,2024-08-07T00:00:00Z,Israel,False,https://pbs.twimg.com/media/GPt7m0BXgAAc3oZ?format=jpg&name=4096x4096,U.S. warships are en route to the Lebanon coast to support Israel Defense Forces (IDF)," A reverse image search led us to a report dated June 24, 2024, published on the official website of the U.S. Navy, titled ""BALTOPS 24 Concludes In Kiel, Germany.‚Äù The report also included the now-viral image. The report stated that 20 NATO allies participated in the 53rd iteration of the Baltic Operations 2024 (BALTOPS) held in Kiel, Germany, on June 20, 2024. The report explains that allies gathered at the port in Kiel to reflect on the 21-day BALTOPS exercise that involved 50 ships, 85 aircraft, and nearly 9,000 personnel. The BALTOPS exercise started on June 8, 2024, in Lithuania and involved exercises by warships of NATO countries in the Baltic Sea. The same image was used in a report on the website of the Defense Visual Information Distribution Service (DVIDS), a project of the U.S. Department of Defense (DoD). The photo, dated July 6, 2024, with the description ‚ÄúShips participating in exercise Baltic Operations 2024 (BALTOPS 24) steam in formation through the Baltic Sea, June 8, 2024,‚Äù was credited to Mario Coto, a U.S. Navy employee. NATO also posted this image on their official X (formerly Twitter) account (archived here) on June 10, 2024, with the caption, ‚Äú19 Allies, 50+ ships, 85+ aircraft, 9,000 personnel are training together during the annual maritime exercise #BALTOPS24, where Allies will demonstrate NATO‚Äôs ability to preserve freedom of navigation and security in the Baltic Sea."" ",False,True,False,False
61,61,misbar.com,https://www.misbar.com/en/factcheck/2024/08/06/hezbollah-did-not-capture-an-image-of-netanyahu-inside-his-office,Hezbollah Did Not Capture an Image of Netanyahu Inside His Office,2024-08-06T08:40:14Z,2024-08-06T08:40:14Z,Israel,fake,https://assets.misbar.com/styles/large_870x490/public/2da39e80efb62f45cbfcbd3ed09b99e64fe67638.jpg.webp?itok=aghNqEk-,Lebanese Hezbollah captures and publishes a photo of the Israeli Prime Minister inside his office with a message: Do not test our capabilities. We intend to keep you in a state of anxiety!," Benjamin Netanyahu With His Father in Jerusalem in 2009. Misbar's team identified the image as from February 8, 2009, showing Benjamin Netanyahu, then the leader of the right-wing Likud party, in conversation with his father, Ben Zion Netanyahu, at his father's home. The photo was taken shortly before the Israeli elections in which Benjamin Netanyahu was a candidate for prime minister. The government, led by Netanyahu, head of the right-wing Likud party, was sworn in with a diverse coalition that included members from the left, ultra-Orthodox factions, and the secular extreme right. ",False,True,False,False
63,63,logicallyfacts.com,https://www.logicallyfacts.com/en/fact-check/fake-viral-image-of-iranian-brigadier-general-esmail-qaani-in-a-burqa-is-edited,Viral image of Iranian Brigadier General Esmail Qaani in a burqa is edited,2024-08-03T00:00:00Z,2024-08-05T00:00:00Z,Israel,Fake,https://external-content.duckduckgo.com/iu/?u=https%3A%2F%2Fpbs.twimg.com%2Fmedia%2FGZR18gaX0AA8C80.jpg&f=1&nofb=1&ipt=f63f6835501b150c765dcbd2d72dcd0348a0582b2fd894d7e2f29b1c19c36881,"Esmail Qaani, the commander of the Iranian Revolutionary Guards, disguised in women‚Äôs clothing in fear of Israeli bombing."," We found the original image shared by Tasnim News (archived here) on February 11, 2024, through a reverse image search. The image caption reads, ""The presence of Haj Esmail Qaani in the #March_22_of_Bahman (Translated from Persian)."" The image shows Qaani wearing a black cap and black eyeglasses, not a burqa. The people around him match those in the viral photo. The Islamic Republic News Agency also published the original image in a news report dated February 11, 2024. The image was captioned, ""Sardar Qaani, commander of the Quds Force, attended the march on 22 Bahman. (translated by Persian)."" The report adds that Iranians participated in the march on 22 Bahman, held in Tehran and other cities on February 11, 2024. (22 Bahman refers to the 22 days of the Bahman month (Eleventh month), according to the Persian calendar, which refers to February 11 in the Georgian calendar.) The annual march commemorates Iran's Islamic revolution in 1979, when the monarchy was overthrown and the Islamic Republic was established.",False,False,False,True
64,64,misbar.com,https://www.misbar.com/en/factcheck/2024/08/04/no-evidence-israel-tracked-ismail-haniyeh-via-whatsapp-spyware-to-drone-strike-him,No Evidence Israel Tracked Ismail Haniyeh via WhatsApp Spyware to Drone Strike Him,2024-08-04T11:44:45Z,2024-08-04T11:44:45Z,Israel,fake,,Israeli intelligence tracked Hamas leader Ismail Haniyeh through WhatsApp.," WhatsApp Is Banned in Iran. Contrary to social media users‚Äô spreading conspiracy theory regarding the assassination of Hamas‚Äôs Ismail Haniyeh, Meta‚Äôs WhatsApp has not been working in Iran since 2022. As protests spread over the death of 22-year-old Mahsa Amini in police custody in Iran, access to Instagram and WhatsApp has been blocked in September 2022. According to data from NetBlocks, authorities have responded with a series of internet restrictions, targeting all users registered with an Iranian (+98) phone number across all major network operators. ",True,False,False,False
65,65,newsmobile.in,https://www.newsmobile.in/nm-fact-checker/fact-check-edited-picture-of-israeli-contingent-from-2024-olympics-opening-ceremony-shared/,Fact Check: Edited Picture Of Israeli Contingent From 2024 Olympics Opening Ceremony Shared,2024-08-01T00:00:00Z,2024-08-02T00:00:00Z,Israel,Edited Picture,https://www.newsmobile.in/wp-content/uploads/Screenshot-2024-08-02-135407.png,Picture of Israeli team during 2024 Paris Olympics opening ceremony with 'Team Genocide' Banner," NewsMobile fact-checked the above picture, and found it to be morphed. Running the picture through Google Lens, the NM team discovered the original image on a Facebook post, dated July 27, 2024, where the blue banner reads ‚ÄòIsrael‚Äô. On digging further, we found the same image used in several reports about the opening ceremony of the 2024 Olympics in Paris. These reports can be seen here, here and here. In these reports, the picture was attributed to the Associated Press. Scanning the official website of the Associated Press, we found the original picture taken during the opening ceremony of the 2024 Paris Olympics on July 26, 2024. The caption reads: ‚ÄúIsrael‚Äôs Andrea Murez and Peter Paltchik carry their country‚Äôs flag in Paris, France, during the opening ceremony of the 2024 Summer Olympics on July 26, 2024.‚Äù In the comparison above, it is confirmed that the banner originally reading ‚ÄòIsrael‚Äô has been digitally manipulated and changed to ‚ÄòTeam Genocide‚Äô by using the photo-editing software. Thus, it is confirmed that the image of the Israeli team during the 2024 Paris Olympics opening ceremony has been photoshopped. ",False,False,False,True
66,66,usatoday.com,https://www.usatoday.com/story/news/factcheck/2024/07/30/algerian-disqualified-from-olympic-match-israel-fact-check/74589378007/,"Algerian disqualified from Olympic match, didn't withdraw | Fact check",2024-07-28T00:00:00Z,2024-07-30T16:25:24Z,Israel,False,,Algerian athlete withdrew from Olympics before match against Israeli opponent, The International Judo Foundation said the athlete was disqualified because he failed his weigh-in. He didn't withdraw from the match.,True,False,False,False
67,67,misbar.com,https://www.misbar.com/en/factcheck/2024/07/24/old-photo-of-gaza-rocket-strike-on-israel-resurfaces-amid-yemen-israel-escalation,Old Photo of Gaza Rocket Strike on Israel Resurfaces Amid Yemen-Israel Escalation,2024-07-24T18:36:30Z,2024-07-24T18:36:30Z,Israel,misleading,https://assets.misbar.com/styles/large_870x490/public/071098cd4a84b4ec9cbdc82b01279566b81dc4c1.jpg.webp?itok=ZgEl-_E3,"A photo shows the aftermath of a Houthi attack on Tel Aviv, Israel.","Outdated Photo Shows Aftermath of Gaza Rockets on Israel. Contrary to social media users‚Äô claim, the photo is not related to recent Yemen-Israel reciprocal attacks. The photo was uploaded to the Times of Israel in October 2023. According to the photo's caption, it depicts a rocket fired from Gaza hitting Ashkelon in southern Israel on October 7, 2023. Photographer Edi Israel took the photo on October 7, 2023, for Flash90. The same photo was also published in a released article in the Australian Jewish News on October 12. The photo‚Äôs provided caption indicates that the photo was shot in Ashkelon, not Tel Aviv, on October 7, 2023.",False,True,False,False
68,68,misbar.com,https://www.misbar.com/en/factcheck/2024/07/23/this-image-of-a-child-under-the-rubble-is-not-from-gaza,This Image of a Child Under the Rubble Is Not from Gaza,2024-07-23T16:26:57Z,2024-07-23T16:26:57Z,Israel,misleading,https://akm-img-a-in.tosshub.com/indiatoday/styles/medium_crop_simple/public/2023-02/ts_earth_2.jpg?VersionId=lIxEoqLi.xECItrR_HUPkDOoN5qeYZvJ&size=750:*,PALESTINIAN CHILD STUCK UNDER THE RUBBLE AFTER ISRAELI AIRSTRIKE," This Photo Was Taken After the 2023 Syria Earthquake. Misbar's team found that the image dates back to February 2023, from the earthquake that struck Syria the previous year. This image was featured in India Today, news website, on February 9, 2023, in the article titled 'Turkey-Syria Quake: Pictures Tell the Tale of Death and Destruction.' As described alongside the image, Mousa Zidane, a photographer and rescue worker with the White Helmets in Syria, saved the life of a young girl after enduring 50 hours of continuous digging.",False,True,False,False
69,69,misbar.com,https://www.misbar.com/en/factcheck/2024/07/23/old-photo-of-crowded-ben-gurion-airport-resurfaces-after-houthis-drone-attack-on-israel,Old Photo of Crowded Ben Gurion Airport Resurfaces After Houthis' Drone Attack on Israel,2024-07-23T15:23:43Z,2024-07-23T15:23:43Z,Israel,misleading,https://image.cnbcfm.com/api/v1/image/107313681-1696860595065-gettyimages-1713400861-AA_08102023_1369208.jpeg?v=1696861046&w=1480&h=833&ffmt=webp&vtcrop=y,A photo shows Israelis fleeing the airport after the Houthis attack.," Old Photo of Ben Gurion Airport Shared After Houthis Attack Israel. The photo was not taken following the recent Houthis' attack on Israel, as claimed by social media users. The photo was captured on October 8, 2023, at Ben Gurion Airport. The image shows passengers waiting in the departure section to flee Israel after the Al-Aqsa Flood Operation began on October 7. The photo was uploaded to a published CNBC article about suspending Israel flights after the October 7 operation. The photo‚Äôs caption reads, ‚ÄúPeople wait in departing section at Ben Gurion Airport, Israel‚Äôs only international airport, after many flights from abroad are cancelled due to the attacks launched by Palestinian factions in Tel Aviv, Israel on October 8, 2023.‚Äù The same photo was shared by Global Times newspaper on October 9, 2023. ",False,True,False,False
70,70,misbar.com,https://www.misbar.com/en/factcheck/2024/07/20/2018-photo-of-suffocated-girls-from-syria-resurfaces-in-relation-to-gaza-war,2018 Photo of Suffocated Girls from Syria Resurfaces in Relation to Gaza War,2024-07-20T18:55:05Z,2024-07-20T18:55:05Z,Israel,misleading,https://www.arabnews.com/sites/default/files/styles/n_670_395/public/2018/01/22/1081986-1474486468.jpg?itok=L1a1O7YI,"This photo was taken in Gaza. She was holding her sister's oxygen mask inside the ambulance. She had already passed away, yet her hand remained on the mask firmly. Look what did Israel America Taxpayer with them."," Old Photo Shows Suffocated Girls from Syria, Not Gaza. Contrary to social media users‚Äô viral claim, the photo is not recent and unrelated to Gaza. The photo dates back to 2018 and was shot in the town of Douma, Syria. Photographer Hasan Mohamed shot the photo for AFP and was uploaded to Getty Images. The photo‚Äôs caption indicates that the photo features a Syrian girl holding an oxygen mask over an infant's face at a makeshift hospital in the town of Douma in eastern Ghouta, near the capital Damascus. The photo was taken in a makeshift hospital after a reported gas attack on the area on January 22, 2018.",False,True,False,False
71,71,logicallyfacts.com,https://www.logicallyfacts.com/en/fact-check/false-no-photo-doesn-t-show-gaza-man-holding-hand-of-son-killed-in-israeli-bombing,"No, photo doesn‚Äôt show Gaza man holding hand of son killed in Israeli bombing",2024-07-14T00:00:00Z,2024-07-16T00:00:00Z,Israel,False,"https://media.cnn.com/api/v1/images/stellar/prod/230213132643-01-earthquake-mesut-hancer-020723.jpg?c=16x9&q=h_653,w_1160,c_fill/f_webp",This photo shows a man from Gaza holding the hand of his son killed in an Israeli bombing.," Upon conducting a reverse image search, we found that several news outlets had published a wider version of the same photograph in February 2023, showing more of the surrounding devastation and debris. These reports stated that the image shows Mesut Hancer holding the hand of his 15-year-old daughter, Irmak, who had died in the earthquake that hit Kahramanmara≈ü, a city in Turkey, on February 7. We found the same photograph on Getty Images credited to Adem Altan of the Agence France-Presse. There are multiple similar photos of the scene from different angles on Getty Images. Contrary to claims, the image does not originate from Gaza and does not depict a father holding the hand of his son, who was purportedly killed in an Israeli bombing and trapped under the rubble of their house.",False,True,False,False
72,72,misbar.com,https://www.misbar.com/en/factcheck/2024/07/15/israel-tragically-killed-the-hamida-siblings-in-october-2023-not-recently,"Israel Tragically Killed the Hamida Siblings in October 2023, Not Recently",2024-07-15T20:00:54Z,2024-07-15T20:00:54Z,Israel,misleading,https://assets.misbar.com/styles/large_870x490/public/e33d3f264eb26703bca355d4eb8f98626071da1a.jpg.webp?itok=pAECPD3p,Mayar Hamida (9 years old) and Bilal Hamida (6 years old) were killed by Israel along with their mother and grandmother at Al-Jaoni UN school in Al-Nuseirat refugee camp today.," Israel Killed the Two Siblings in October 2023, Not in July 2024. Contrary to social media users‚Äô viral claim, the two Hamida children were not killed in a recent Israeli airstrike targeting Al-Jaouni school on July 6. Misbar's investigation team conducted searches using the names of the children and found earlier reports indicating that the children were killed in an Israeli assault on October 22, 2023. A Palestinian media agency published a photo of Mayar Hamida, reporting that she was killed along with her brother Bilal and their mother after Israel bombed their house in the Gaza Strip. The agency stated that they were killed on October 22, 2023. Misbar‚Äôs investigative team also found a published photo from October 22, 2023, showing a tweet from a friend of Nidal Hamida, the father of the two siblings. In the photo, Nidal Hamida is seen sitting in front of the bodies of his wife Fatima, his son Bilal, and his daughter Mayar, who were killed in their home while he was working as a news producer for the Palestine Today channel, according to the post‚Äôs description. ",False,True,False,False
73,73,usatoday.com,https://www.usatoday.com/story/news/factcheck/2024/07/12/us-draft-israel-hamas-war-fact-check/74359207007/,False claim Americans drafted for Israel-Hamas war | Fact check,2024-07-09T00:00:00Z,2024-07-12T21:24:27Z,Israel,False,,US reinstituted draft for Israel-Hamas war," The U.S. is not conscripting Americans into the military for the ongoing Israel-Hamas war. The video references a bill passed by the House that would automatically register 18- to 25-year-old men for the selective service, but the bill isn't law and doesn't automatically induct individuals into the armed forces. To reinstate a draft, Congress and the president would be required to act. There is no evidence the U.S. has begun forcing Americans to enlist in the military to fight in the ongoing Israel-Hamas war. The website for the Selective Service System ‚Äì the federal agency that registers men and maintains a system for a potential draft ‚Äì says there is currently no draft.",True,False,False,False
74,74,logicallyfacts.com,https://www.logicallyfacts.com/en/fact-check/fake-ai-image-of-dwayne-johnson-shared-to-claim-that-he-voiced-support-for-israel,AI image of Dwayne Johnson shared to claim that he voiced support for Israel,2024-07-20T00:00:00Z,2024-07-11T00:00:00Z,Israel,Fake,https://pbs.twimg.com/media/F-GfaZzWMAAmsmm?format=jpg&name=large,The image shows Dwayne Johnson wearing Israeli flag in support of Israel.," A close look at the image showed several discrepancies that indicated it could be generated via artificial intelligence. Johnson's left eye is misaligned with his right. His hand holding the placard is unusually large and distorted, and he appears to be holding the placard awkwardly. We also noticed a very different tattoo on his right arm in the viral image, which does not match his original tattoo, as seen on his official Instagram account (archived here). In reality, Dwayne Johnson has a tattoo resembling an animal skull ‚Äî he had shared an image of him getting the tattoo in 2021 (archived here), saying that it was a ""bull tattoo."" This tattoo can also be seen on his right arm in a recent video (archived here) he posted on his X (formerly Twitter) account on July 1, 2024. Hive Moderation, an online AI detection tool, found this image to be 70.8 percent likely to contain AI-generated or deepfake content. ",False,False,True,False
75,75,newsmeter.in,https://newsmeter.in/fact-check/ai-photo-of-israeli-army-dog-attacking-elderly-palestinian-woman-shared-as-real-731936,Fact Check: AI photo of Israeli Army dog attacking elderly Palestinian woman shared as real,2024-07-04T12:11:47Z,2024-07-04T12:11:47Z,Israel,Misleading,https://scontent-lga3-2.xx.fbcdn.net/v/t39.30808-6/487971646_1220652072982954_7552255242542188440_n.jpg?_nc_cat=109&ccb=1-7&_nc_sid=833d8c&_nc_ohc=Y3m_7YZ_KucQ7kNvwFIdg0u&_nc_oc=AdkbT_eCaVELY1BX6h-pk2UDyJln9pkeQ-odz_eIIHTW29eAbC78oDAhWQMlM-Rcj5k&_nc_zt=23&_nc_ht=scontent-lga3-2.xx&_nc_gid=LA4y6v6dIzgZNSt--UC4AQ&oh=00_AfLHgx4fHbR91oq91hiiWdnGCTlodC1BgzL_cZi6Qdt_-w&oe=6827FBAC,A photo shows an elderly Palestinian woman being attacked by an Israeli Army dog.," NewsMeter found that claim is misleading. The incident did occur but the image is AI-generated. Upon examination, the angle and the graphical aesthetics of the photo suggested that the photo might be AI-generated. Further inspection of the image revealed a watermark - IN.VISUALART - indicating its origin. The ‚ÄòPs+ Ai‚Äô notation signified that the image was created using Artificial Intelligence. A keyword search led to an Instagram post from six days ago, where the same photo was shared with a caption stating, ‚ÄúAl-Jazeera obtained leaked footage from a camera mounted by occupation soldiers on a police dog showing the dog attacking an elderly Palestinian woman in her home during an operation the occupation army was about to carry out in Jebalia camp weeks ago. Stop genocide - Ceasefire now- Save Gaza- free Palestine.‚Äù A follow-up video on the same channel, with the caption ‚ÄúVideo shows Israeli military dog mauling elderly Palestinian woman amid army operation in Jabalia,‚Äù featured the elderly woman speaking about the attack. Different news outlets, including the Palestine Chronicle, reported the incident with the title ‚Äú‚ÄòIsraelis Set a Dog on Me‚Äô ‚Äì Video Shows Army Unleashing Dog on Elderly Palestinian Woman.‚Äù Hence, the claim is misleading. Although the incident did occur, the viral photo was created using Artificial Intelligence. There are clues in the image that is the focus of this fact check that the picture is not real -- the men's fingers appear abnormally elongated, and the ball of fire behind the Israeli flag appears to be in the sky beside the two World Trade Center towers. Lead Stories also ran the video through True Media, an AI-detection tool, which found substantial evidence that it was created using AI.",False,False,True,False
